,municipality,gender,age_group,N
0,Aabenraa,Men,100+,30
1,Aabenraa,Men,15-19,1602
2,Aabenraa,Men,20-24,1202
3,Aabenraa,Men,25-29,1081
4,Aabenraa,Men,30-34,1239
5,Aabenraa,Men,35-39,1271
6,Aabenraa,Men,40-44,1176
7,Aabenraa,Men,45-49,1426
8,Aabenraa,Men,50-54,1679
9,Aabenraa,Men,55-59,1863
10,Aabenraa,Men,60-64,1955
11,Aabenraa,Men,65-69,1754
12,Aabenraa,Men,70-74,1633
13,Aabenraa,Men,75-79,1505
14,Aabenraa,Men,80-84,1080
15,Aabenraa,Men,85-89,511
16,Aabenraa,Men,90-94,156
17,Aabenraa,Women,100+,79
18,Aabenraa,Women,15-19,1447
19,Aabenraa,Women,20-24,1080
20,Aabenraa,Women,25-29,960
21,Aabenraa,Women,30-34,1197
22,Aabenraa,Women,35-39,1139
23,Aabenraa,Women,40-44,1157
24,Aabenraa,Women,45-49,1357
25,Aabenraa,Women,50-54,1658
26,Aabenraa,Women,55-59,1836
27,Aabenraa,Women,60-64,1876
28,Aabenraa,Women,65-69,1825
29,Aabenraa,Women,70-74,1784
30,Aabenraa,Women,75-79,1619
31,Aabenraa,Women,80-84,1250
32,Aabenraa,Women,85-89,678
33,Aabenraa,Women,90-94,303
34,Aalborg,Men,100+,83
35,Aalborg,Men,15-19,5558
36,Aalborg,Men,20-24,9704
37,Aalborg,Men,25-29,10715
38,Aalborg,Men,30-34,8130
39,Aalborg,Men,35-39,6146
40,Aalborg,Men,40-44,5315
41,Aalborg,Men,45-49,5634
42,Aalborg,Men,50-54,6038
43,Aalborg,Men,55-59,6196
44,Aalborg,Men,60-64,6192
45,Aalborg,Men,65-69,5163
46,Aalborg,Men,70-74,4605
47,Aalborg,Men,75-79,4225
48,Aalborg,Men,80-84,3020
49,Aalborg,Men,85-89,1399
50,Aalborg,Men,90-94,452
51,Aalborg,Women,100+,205
52,Aalborg,Women,15-19,5499
53,Aalborg,Women,20-24,9624
54,Aalborg,Women,25-29,9257
55,Aalborg,Women,30-34,7057
56,Aalborg,Women,35-39,5554
57,Aalborg,Women,40-44,4921
58,Aalborg,Women,45-49,5573
59,Aalborg,Women,50-54,5925
60,Aalborg,Women,55-59,6201
61,Aalborg,Women,60-64,6231
62,Aalborg,Women,65-69,5584
63,Aalborg,Women,70-74,5004
64,Aalborg,Women,75-79,5004
65,Aalborg,Women,80-84,3881
66,Aalborg,Women,85-89,1983
67,Aalborg,Women,90-94,805
68,Aarhus,Men,100+,98
69,Aarhus,Men,15-19,8345
70,Aarhus,Men,20-24,18692
71,Aarhus,Men,25-29,22124
72,Aarhus,Men,30-34,14097
73,Aarhus,Men,35-39,9440
74,Aarhus,Men,40-44,7713
75,Aarhus,Men,45-49,7955
76,Aarhus,Men,50-54,8505
77,Aarhus,Men,55-59,8463
78,Aarhus,Men,60-64,8256
79,Aarhus,Men,65-69,7257
80,Aarhus,Men,70-74,6556
81,Aarhus,Men,75-79,5473
82,Aarhus,Men,80-84,3725
83,Aarhus,Men,85-89,1734
84,Aarhus,Men,90-94,554
85,Aarhus,Women,100+,316
86,Aarhus,Women,15-19,8116
87,Aarhus,Women,20-24,21652
88,Aarhus,Women,25-29,22234
89,Aarhus,Women,30-34,12845
90,Aarhus,Women,35-39,8923
91,Aarhus,Women,40-44,7724
92,Aarhus,Women,45-49,7792
93,Aarhus,Women,50-54,8906
94,Aarhus,Women,55-59,8967
95,Aarhus,Women,60-64,8845
96,Aarhus,Women,65-69,8018
97,Aarhus,Women,70-74,7190
98,Aarhus,Women,75-79,6628
99,Aarhus,Women,80-84,4805
100,Aarhus,Women,85-89,2746
101,Aarhus,Women,90-94,1112
102,Albertslund,Men,100+,4
103,Albertslund,Men,15-19,827
104,Albertslund,Men,20-24,891
105,Albertslund,Men,25-29,711
106,Albertslund,Men,30-34,710
107,Albertslund,Men,35-39,628
108,Albertslund,Men,40-44,583
109,Albertslund,Men,45-49,631
110,Albertslund,Men,50-54,745
111,Albertslund,Men,55-59,779
112,Albertslund,Men,60-64,767
113,Albertslund,Men,65-69,542
114,Albertslund,Men,70-74,494
115,Albertslund,Men,75-79,515
116,Albertslund,Men,80-84,403
117,Albertslund,Men,85-89,187
118,Albertslund,Men,90-94,74
119,Albertslund,Women,100+,14
120,Albertslund,Women,15-19,784
121,Albertslund,Women,20-24,793
122,Albertslund,Women,25-29,647
123,Albertslund,Women,30-34,720
124,Albertslund,Women,35-39,669
125,Albertslund,Women,40-44,600
126,Albertslund,Women,45-49,706
127,Albertslund,Women,50-54,714
128,Albertslund,Women,55-59,777
129,Albertslund,Women,60-64,772
130,Albertslund,Women,65-69,560
131,Albertslund,Women,70-74,560
132,Albertslund,Women,75-79,663
133,Albertslund,Women,80-84,558
134,Albertslund,Women,85-89,282
135,Albertslund,Women,90-94,82
136,Allerød,Men,100+,13
137,Allerød,Men,15-19,908
138,Allerød,Men,20-24,507
139,Allerød,Men,25-29,271
140,Allerød,Men,30-34,530
141,Allerød,Men,35-39,755
142,Allerød,Men,40-44,667
143,Allerød,Men,45-49,688
144,Allerød,Men,50-54,888
145,Allerød,Men,55-59,907
146,Allerød,Men,60-64,864
147,Allerød,Men,65-69,651
148,Allerød,Men,70-74,554
149,Allerød,Men,75-79,554
150,Allerød,Men,80-84,497
151,Allerød,Men,85-89,245
152,Allerød,Men,90-94,81
153,Allerød,Women,100+,36
154,Allerød,Women,15-19,891
155,Allerød,Women,20-24,373
156,Allerød,Women,25-29,271
157,Allerød,Women,30-34,563
158,Allerød,Women,35-39,777
159,Allerød,Women,40-44,704
160,Allerød,Women,45-49,782
161,Allerød,Women,50-54,917
162,Allerød,Women,55-59,907
163,Allerød,Women,60-64,907
164,Allerød,Women,65-69,670
165,Allerød,Women,70-74,606
166,Allerød,Women,75-79,696
167,Allerød,Women,80-84,606
168,Allerød,Women,85-89,348
169,Allerød,Women,90-94,119
170,Assens,Men,100+,24
171,Assens,Men,15-19,1219
172,Assens,Men,20-24,804
173,Assens,Men,25-29,680
174,Assens,Men,30-34,950
175,Assens,Men,35-39,1020
176,Assens,Men,40-44,899
177,Assens,Men,45-49,1135
178,Assens,Men,50-54,1342
179,Assens,Men,55-59,1507
180,Assens,Men,60-64,1516
181,Assens,Men,65-69,1287
182,Assens,Men,70-74,1174
183,Assens,Men,75-79,1144
184,Assens,Men,80-84,726
185,Assens,Men,85-89,363
186,Assens,Men,90-94,111
187,Assens,Women,100+,66
188,Assens,Women,15-19,1029
189,Assens,Women,20-24,632
190,Assens,Women,25-29,623
191,Assens,Women,30-34,938
192,Assens,Women,35-39,946
193,Assens,Women,40-44,907
194,Assens,Women,45-49,1138
195,Assens,Women,50-54,1324
196,Assens,Women,55-59,1446
197,Assens,Women,60-64,1482
198,Assens,Women,65-69,1285
199,Assens,Women,70-74,1198
200,Assens,Women,75-79,1203
201,Assens,Women,80-84,895
202,Assens,Women,85-89,465
203,Assens,Women,90-94,187
204,Ballerup,Men,100+,20
205,Ballerup,Men,15-19,1431
206,Ballerup,Men,20-24,1355
207,Ballerup,Men,25-29,1321
208,Ballerup,Men,30-34,1325
209,Ballerup,Men,35-39,1364
210,Ballerup,Men,40-44,1262
211,Ballerup,Men,45-49,1280
212,Ballerup,Men,50-54,1506
213,Ballerup,Men,55-59,1518
214,Ballerup,Men,60-64,1581
215,Ballerup,Men,65-69,1157
216,Ballerup,Men,70-74,897
217,Ballerup,Men,75-79,860
218,Ballerup,Men,80-84,716
219,Ballerup,Men,85-89,456
220,Ballerup,Men,90-94,159
221,Ballerup,Women,100+,56
222,Ballerup,Women,15-19,1355
223,Ballerup,Women,20-24,1158
224,Ballerup,Women,25-29,1210
225,Ballerup,Women,30-34,1350
226,Ballerup,Women,35-39,1382
227,Ballerup,Women,40-44,1137
228,Ballerup,Women,45-49,1332
229,Ballerup,Women,50-54,1540
230,Ballerup,Women,55-59,1574
231,Ballerup,Women,60-64,1546
232,Ballerup,Women,65-69,1237
233,Ballerup,Women,70-74,1076
234,Ballerup,Women,75-79,1178
235,Ballerup,Women,80-84,1164
236,Ballerup,Women,85-89,727
237,Ballerup,Women,90-94,256
238,Billund,Men,100+,10
239,Billund,Men,15-19,727
240,Billund,Men,20-24,568
241,Billund,Men,25-29,498
242,Billund,Men,30-34,589
243,Billund,Men,35-39,609
244,Billund,Men,40-44,621
245,Billund,Men,45-49,711
246,Billund,Men,50-54,754
247,Billund,Men,55-59,840
248,Billund,Men,60-64,920
249,Billund,Men,65-69,778
250,Billund,Men,70-74,666
251,Billund,Men,75-79,649
252,Billund,Men,80-84,476
253,Billund,Men,85-89,228
254,Billund,Men,90-94,68
255,Billund,Women,100+,39
256,Billund,Women,15-19,739
257,Billund,Women,20-24,432
258,Billund,Women,25-29,387
259,Billund,Women,30-34,547
260,Billund,Women,35-39,591
261,Billund,Women,40-44,534
262,Billund,Women,45-49,691
263,Billund,Women,50-54,720
264,Billund,Women,55-59,822
265,Billund,Women,60-64,881
266,Billund,Women,65-69,807
267,Billund,Women,70-74,694
268,Billund,Women,75-79,696
269,Billund,Women,80-84,554
270,Billund,Women,85-89,295
271,Billund,Women,90-94,126
272,Bornholm,Men,100+,13
273,Bornholm,Men,15-19,963
274,Bornholm,Men,20-24,631
275,Bornholm,Men,25-29,592
276,Bornholm,Men,30-34,827
277,Bornholm,Men,35-39,819
278,Bornholm,Men,40-44,800
279,Bornholm,Men,45-49,934
280,Bornholm,Men,50-54,1150
281,Bornholm,Men,55-59,1260
282,Bornholm,Men,60-64,1586
283,Bornholm,Men,65-69,1486
284,Bornholm,Men,70-74,1416
285,Bornholm,Men,75-79,1298
286,Bornholm,Men,80-84,955
287,Bornholm,Men,85-89,396
288,Bornholm,Men,90-94,131
289,Bornholm,Women,100+,68
290,Bornholm,Women,15-19,901
291,Bornholm,Women,20-24,502
292,Bornholm,Women,25-29,550
293,Bornholm,Women,30-34,762
294,Bornholm,Women,35-39,799
295,Bornholm,Women,40-44,812
296,Bornholm,Women,45-49,931
297,Bornholm,Women,50-54,1234
298,Bornholm,Women,55-59,1305
299,Bornholm,Women,60-64,1602
300,Bornholm,Women,65-69,1514
301,Bornholm,Women,70-74,1495
302,Bornholm,Women,75-79,1378
303,Bornholm,Women,80-84,1070
304,Bornholm,Women,85-89,570
305,Bornholm,Women,90-94,247
306,Brøndby,Men,100+,18
307,Brøndby,Men,15-19,995
308,Brøndby,Men,20-24,913
309,Brøndby,Men,25-29,1037
310,Brøndby,Men,30-34,1100
311,Brøndby,Men,35-39,910
312,Brøndby,Men,40-44,832
313,Brøndby,Men,45-49,903
314,Brøndby,Men,50-54,941
315,Brøndby,Men,55-59,940
316,Brøndby,Men,60-64,1028
317,Brøndby,Men,65-69,882
318,Brøndby,Men,70-74,708
319,Brøndby,Men,75-79,650
320,Brøndby,Men,80-84,432
321,Brøndby,Men,85-89,191
322,Brøndby,Men,90-94,91
323,Brøndby,Women,100+,57
324,Brøndby,Women,15-19,932
325,Brøndby,Women,20-24,982
326,Brøndby,Women,25-29,1006
327,Brøndby,Women,30-34,988
328,Brøndby,Women,35-39,917
329,Brøndby,Women,40-44,785
330,Brøndby,Women,45-49,875
331,Brøndby,Women,50-54,859
332,Brøndby,Women,55-59,937
333,Brøndby,Women,60-64,1039
334,Brøndby,Women,65-69,954
335,Brøndby,Women,70-74,772
336,Brøndby,Women,75-79,730
337,Brøndby,Women,80-84,554
338,Brøndby,Women,85-89,367
339,Brøndby,Women,90-94,162
340,Brønderslev,Men,100+,26
341,Brønderslev,Men,15-19,1133
342,Brønderslev,Men,20-24,783
343,Brønderslev,Men,25-29,681
344,Brønderslev,Men,30-34,992
345,Brønderslev,Men,35-39,1031
346,Brønderslev,Men,40-44,899
347,Brønderslev,Men,45-49,1031
348,Brønderslev,Men,50-54,1225
349,Brønderslev,Men,55-59,1176
350,Brønderslev,Men,60-64,1267
351,Brønderslev,Men,65-69,1077
352,Brønderslev,Men,70-74,986
353,Brønderslev,Men,75-79,930
354,Brønderslev,Men,80-84,636
355,Brønderslev,Men,85-89,312
356,Brønderslev,Men,90-94,111
357,Brønderslev,Women,100+,41
358,Brønderslev,Women,15-19,1055
359,Brønderslev,Women,20-24,595
360,Brønderslev,Women,25-29,630
361,Brønderslev,Women,30-34,993
362,Brønderslev,Women,35-39,953
363,Brønderslev,Women,40-44,858
364,Brønderslev,Women,45-49,1043
365,Brønderslev,Women,50-54,1121
366,Brønderslev,Women,55-59,1169
367,Brønderslev,Women,60-64,1213
368,Brønderslev,Women,65-69,1072
369,Brønderslev,Women,70-74,971
370,Brønderslev,Women,75-79,971
371,Brønderslev,Women,80-84,749
372,Brønderslev,Women,85-89,416
373,Brønderslev,Women,90-94,187
374,Copenhagen,Men,100+,88
375,Copenhagen,Men,15-19,12920
376,Copenhagen,Men,20-24,23099
377,Copenhagen,Men,25-29,33204
378,Copenhagen,Men,30-34,28395
379,Copenhagen,Men,35-39,19017
380,Copenhagen,Men,40-44,14263
381,Copenhagen,Men,45-49,15234
382,Copenhagen,Men,50-54,16691
383,Copenhagen,Men,55-59,14831
384,Copenhagen,Men,60-64,13304
385,Copenhagen,Men,65-69,9819
386,Copenhagen,Men,70-74,7589
387,Copenhagen,Men,75-79,6546
388,Copenhagen,Men,80-84,4084
389,Copenhagen,Men,85-89,1596
390,Copenhagen,Men,90-94,413
391,Copenhagen,Women,100+,357
392,Copenhagen,Women,15-19,12688
393,Copenhagen,Women,20-24,27075
394,Copenhagen,Women,25-29,36346
395,Copenhagen,Women,30-34,27782
396,Copenhagen,Women,35-39,18296
397,Copenhagen,Women,40-44,14430
398,Copenhagen,Women,45-49,15121
399,Copenhagen,Women,50-54,16228
400,Copenhagen,Women,55-59,14481
401,Copenhagen,Women,60-64,13018
402,Copenhagen,Women,65-69,9977
403,Copenhagen,Women,70-74,8757
404,Copenhagen,Women,75-79,8057
405,Copenhagen,Women,80-84,5769
406,Copenhagen,Women,85-89,2816
407,Copenhagen,Women,90-94,1167
408,Dragør,Men,100+,9
409,Dragør,Men,15-19,478
410,Dragør,Men,20-24,247
411,Dragør,Men,25-29,96
412,Dragør,Men,30-34,196
413,Dragør,Men,35-39,325
414,Dragør,Men,40-44,366
415,Dragør,Men,45-49,483
416,Dragør,Men,50-54,518
417,Dragør,Men,55-59,517
418,Dragør,Men,60-64,454
419,Dragør,Men,65-69,419
420,Dragør,Men,70-74,338
421,Dragør,Men,75-79,415
422,Dragør,Men,80-84,281
423,Dragør,Men,85-89,142
424,Dragør,Men,90-94,49
425,Dragør,Women,100+,21
426,Dragør,Women,15-19,431
427,Dragør,Women,20-24,181
428,Dragør,Women,25-29,100
429,Dragør,Women,30-34,236
430,Dragør,Women,35-39,356
431,Dragør,Women,40-44,400
432,Dragør,Women,45-49,510
433,Dragør,Women,50-54,461
434,Dragør,Women,55-59,492
435,Dragør,Women,60-64,485
436,Dragør,Women,65-69,421
437,Dragør,Women,70-74,431
438,Dragør,Women,75-79,421
439,Dragør,Women,80-84,342
440,Dragør,Women,85-89,237
441,Dragør,Women,90-94,77
442,Egedal,Men,100+,4
443,Egedal,Men,15-19,1509
444,Egedal,Men,20-24,958
445,Egedal,Men,25-29,712
446,Egedal,Men,30-34,1182
447,Egedal,Men,35-39,1330
448,Egedal,Men,40-44,1133
449,Egedal,Men,45-49,1267
450,Egedal,Men,50-54,1619
451,Egedal,Men,55-59,1638
452,Egedal,Men,60-64,1510
453,Egedal,Men,65-69,1067
454,Egedal,Men,70-74,782
455,Egedal,Men,75-79,921
456,Egedal,Men,80-84,762
457,Egedal,Men,85-89,343
458,Egedal,Men,90-94,84
459,Egedal,Women,100+,27
460,Egedal,Women,15-19,1406
461,Egedal,Women,20-24,761
462,Egedal,Women,25-29,650
463,Egedal,Women,30-34,1301
464,Egedal,Women,35-39,1344
465,Egedal,Women,40-44,1161
466,Egedal,Women,45-49,1373
467,Egedal,Women,50-54,1726
468,Egedal,Women,55-59,1626
469,Egedal,Women,60-64,1415
470,Egedal,Women,65-69,1084
471,Egedal,Women,70-74,940
472,Egedal,Women,75-79,1082
473,Egedal,Women,80-84,967
474,Egedal,Women,85-89,451
475,Egedal,Women,90-94,136
476,Esbjerg,Men,100+,44
477,Esbjerg,Men,15-19,3207
478,Esbjerg,Men,20-24,2867
479,Esbjerg,Men,25-29,3008
480,Esbjerg,Men,30-34,3448
481,Esbjerg,Men,35-39,3080
482,Esbjerg,Men,40-44,2651
483,Esbjerg,Men,45-49,2935
484,Esbjerg,Men,50-54,3350
485,Esbjerg,Men,55-59,3596
486,Esbjerg,Men,60-64,3741
487,Esbjerg,Men,65-69,3402
488,Esbjerg,Men,70-74,3000
489,Esbjerg,Men,75-79,2650
490,Esbjerg,Men,80-84,1924
491,Esbjerg,Men,85-89,855
492,Esbjerg,Men,90-94,269
493,Esbjerg,Women,100+,122
494,Esbjerg,Women,15-19,3037
495,Esbjerg,Women,20-24,2671
496,Esbjerg,Women,25-29,2718
497,Esbjerg,Women,30-34,3059
498,Esbjerg,Women,35-39,2807
499,Esbjerg,Women,40-44,2554
500,Esbjerg,Women,45-49,2838
501,Esbjerg,Women,50-54,3369
502,Esbjerg,Women,55-59,3648
503,Esbjerg,Women,60-64,3781
504,Esbjerg,Women,65-69,3453
505,Esbjerg,Women,70-74,3190
506,Esbjerg,Women,75-79,2957
507,Esbjerg,Women,80-84,2330
508,Esbjerg,Women,85-89,1228
509,Esbjerg,Women,90-94,454
510,Faaborg-Midtfyn,Men,100+,31
511,Faaborg-Midtfyn,Men,15-19,1579
512,Faaborg-Midtfyn,Men,20-24,1027
513,Faaborg-Midtfyn,Men,25-29,867
514,Faaborg-Midtfyn,Men,30-34,1362
515,Faaborg-Midtfyn,Men,35-39,1356
516,Faaborg-Midtfyn,Men,40-44,1297
517,Faaborg-Midtfyn,Men,45-49,1395
518,Faaborg-Midtfyn,Men,50-54,1626
519,Faaborg-Midtfyn,Men,55-59,1822
520,Faaborg-Midtfyn,Men,60-64,1864
521,Faaborg-Midtfyn,Men,65-69,1634
522,Faaborg-Midtfyn,Men,70-74,1532
523,Faaborg-Midtfyn,Men,75-79,1388
524,Faaborg-Midtfyn,Men,80-84,1072
525,Faaborg-Midtfyn,Men,85-89,506
526,Faaborg-Midtfyn,Men,90-94,165
527,Faaborg-Midtfyn,Women,100+,82
528,Faaborg-Midtfyn,Women,15-19,1436
529,Faaborg-Midtfyn,Women,20-24,775
530,Faaborg-Midtfyn,Women,25-29,840
531,Faaborg-Midtfyn,Women,30-34,1351
532,Faaborg-Midtfyn,Women,35-39,1302
533,Faaborg-Midtfyn,Women,40-44,1230
534,Faaborg-Midtfyn,Women,45-49,1428
535,Faaborg-Midtfyn,Women,50-54,1631
536,Faaborg-Midtfyn,Women,55-59,1771
537,Faaborg-Midtfyn,Women,60-64,1907
538,Faaborg-Midtfyn,Women,65-69,1735
539,Faaborg-Midtfyn,Women,70-74,1556
540,Faaborg-Midtfyn,Women,75-79,1567
541,Faaborg-Midtfyn,Women,80-84,1163
542,Faaborg-Midtfyn,Women,85-89,633
543,Faaborg-Midtfyn,Women,90-94,304
544,Fanø,Men,100+,2
545,Fanø,Men,15-19,85
546,Fanø,Men,20-24,47
547,Fanø,Men,25-29,14
548,Fanø,Men,30-34,52
549,Fanø,Men,35-39,58
550,Fanø,Men,40-44,45
551,Fanø,Men,45-49,80
552,Fanø,Men,50-54,95
553,Fanø,Men,55-59,116
554,Fanø,Men,60-64,92
555,Fanø,Men,65-69,143
556,Fanø,Men,70-74,156
557,Fanø,Men,75-79,156
558,Fanø,Men,80-84,94
559,Fanø,Men,85-89,34
560,Fanø,Men,90-94,5
561,Fanø,Women,100+,8
562,Fanø,Women,15-19,84
563,Fanø,Women,20-24,30
564,Fanø,Women,25-29,24
565,Fanø,Women,30-34,46
566,Fanø,Women,35-39,62
567,Fanø,Women,40-44,59
568,Fanø,Women,45-49,80
569,Fanø,Women,50-54,110
570,Fanø,Women,55-59,123
571,Fanø,Women,60-64,139
572,Fanø,Women,65-69,146
573,Fanø,Women,70-74,167
574,Fanø,Women,75-79,171
575,Fanø,Women,80-84,117
576,Fanø,Women,85-89,37
577,Fanø,Women,90-94,15
578,Favrskov,Men,100+,19
579,Favrskov,Men,15-19,1703
580,Favrskov,Men,20-24,969
581,Favrskov,Men,25-29,753
582,Favrskov,Men,30-34,1319
583,Favrskov,Men,35-39,1433
584,Favrskov,Men,40-44,1280
585,Favrskov,Men,45-49,1569
586,Favrskov,Men,50-54,1833
587,Favrskov,Men,55-59,1645
588,Favrskov,Men,60-64,1474
589,Favrskov,Men,65-69,1221
590,Favrskov,Men,70-74,1103
591,Favrskov,Men,75-79,1111
592,Favrskov,Men,80-84,777
593,Favrskov,Men,85-89,345
594,Favrskov,Men,90-94,84
595,Favrskov,Women,100+,44
596,Favrskov,Women,15-19,1606
597,Favrskov,Women,20-24,803
598,Favrskov,Women,25-29,707
599,Favrskov,Women,30-34,1381
600,Favrskov,Women,35-39,1411
601,Favrskov,Women,40-44,1352
602,Favrskov,Women,45-49,1519
603,Favrskov,Women,50-54,1766
604,Favrskov,Women,55-59,1611
605,Favrskov,Women,60-64,1469
606,Favrskov,Women,65-69,1169
607,Favrskov,Women,70-74,1194
608,Favrskov,Women,75-79,1167
609,Favrskov,Women,80-84,878
610,Favrskov,Women,85-89,460
611,Favrskov,Women,90-94,178
612,Faxe,Men,100+,15
613,Faxe,Men,15-19,1144
614,Faxe,Men,20-24,851
615,Faxe,Men,25-29,740
616,Faxe,Men,30-34,930
617,Faxe,Men,35-39,945
618,Faxe,Men,40-44,808
619,Faxe,Men,45-49,1003
620,Faxe,Men,50-54,1297
621,Faxe,Men,55-59,1403
622,Faxe,Men,60-64,1406
623,Faxe,Men,65-69,1243
624,Faxe,Men,70-74,1031
625,Faxe,Men,75-79,955
626,Faxe,Men,80-84,679
627,Faxe,Men,85-89,301
628,Faxe,Men,90-94,87
629,Faxe,Women,100+,44
630,Faxe,Women,15-19,972
631,Faxe,Women,20-24,609
632,Faxe,Women,25-29,646
633,Faxe,Women,30-34,969
634,Faxe,Women,35-39,883
635,Faxe,Women,40-44,834
636,Faxe,Women,45-49,987
637,Faxe,Women,50-54,1252
638,Faxe,Women,55-59,1339
639,Faxe,Women,60-64,1437
640,Faxe,Women,65-69,1266
641,Faxe,Women,70-74,1071
642,Faxe,Women,75-79,1080
643,Faxe,Women,80-84,811
644,Faxe,Women,85-89,371
645,Faxe,Women,90-94,176
646,Fredensborg,Men,100+,16
647,Fredensborg,Men,15-19,1237
648,Fredensborg,Men,20-24,769
649,Fredensborg,Men,25-29,545
650,Fredensborg,Men,30-34,783
651,Fredensborg,Men,35-39,961
652,Fredensborg,Men,40-44,842
653,Fredensborg,Men,45-49,1010
654,Fredensborg,Men,50-54,1191
655,Fredensborg,Men,55-59,1332
656,Fredensborg,Men,60-64,1337
657,Fredensborg,Men,65-69,1132
658,Fredensborg,Men,70-74,1073
659,Fredensborg,Men,75-79,1076
660,Fredensborg,Men,80-84,758
661,Fredensborg,Men,85-89,304
662,Fredensborg,Men,90-94,92
663,Fredensborg,Women,100+,47
664,Fredensborg,Women,15-19,1157
665,Fredensborg,Women,20-24,662
666,Fredensborg,Women,25-29,503
667,Fredensborg,Women,30-34,887
668,Fredensborg,Women,35-39,1024
669,Fredensborg,Women,40-44,912
670,Fredensborg,Women,45-49,1084
671,Fredensborg,Women,50-54,1255
672,Fredensborg,Women,55-59,1423
673,Fredensborg,Women,60-64,1467
674,Fredensborg,Women,65-69,1263
675,Fredensborg,Women,70-74,1195
676,Fredensborg,Women,75-79,1335
677,Fredensborg,Women,80-84,993
678,Fredensborg,Women,85-89,438
679,Fredensborg,Women,90-94,188
680,Fredericia,Men,100+,23
681,Fredericia,Men,15-19,1468
682,Fredericia,Men,20-24,1277
683,Fredericia,Men,25-29,1244
684,Fredericia,Men,30-34,1527
685,Fredericia,Men,35-39,1293
686,Fredericia,Men,40-44,1290
687,Fredericia,Men,45-49,1430
688,Fredericia,Men,50-54,1671
689,Fredericia,Men,55-59,1832
690,Fredericia,Men,60-64,1812
691,Fredericia,Men,65-69,1453
692,Fredericia,Men,70-74,1284
693,Fredericia,Men,75-79,1199
694,Fredericia,Men,80-84,958
695,Fredericia,Men,85-89,397
696,Fredericia,Men,90-94,124
697,Fredericia,Women,100+,71
698,Fredericia,Women,15-19,1354
699,Fredericia,Women,20-24,1091
700,Fredericia,Women,25-29,1087
701,Fredericia,Women,30-34,1331
702,Fredericia,Women,35-39,1279
703,Fredericia,Women,40-44,1186
704,Fredericia,Women,45-49,1422
705,Fredericia,Women,50-54,1680
706,Fredericia,Women,55-59,1740
707,Fredericia,Women,60-64,1778
708,Fredericia,Women,65-69,1579
709,Fredericia,Women,70-74,1330
710,Fredericia,Women,75-79,1370
711,Fredericia,Women,80-84,1106
712,Fredericia,Women,85-89,560
713,Fredericia,Women,90-94,245
714,Frederiksberg,Men,100+,33
715,Frederiksberg,Men,15-19,2262
716,Frederiksberg,Men,20-24,3238
717,Frederiksberg,Men,25-29,4834
718,Frederiksberg,Men,30-34,3950
719,Frederiksberg,Men,35-39,2633
720,Frederiksberg,Men,40-44,2085
721,Frederiksberg,Men,45-49,2417
722,Frederiksberg,Men,50-54,2809
723,Frederiksberg,Men,55-59,2719
724,Frederiksberg,Men,60-64,2548
725,Frederiksberg,Men,65-69,1955
726,Frederiksberg,Men,70-74,1595
727,Frederiksberg,Men,75-79,1673
728,Frederiksberg,Men,80-84,1333
729,Frederiksberg,Men,85-89,523
730,Frederiksberg,Men,90-94,174
731,Frederiksberg,Women,100+,141
732,Frederiksberg,Women,15-19,2259
733,Frederiksberg,Women,20-24,3908
734,Frederiksberg,Women,25-29,5129
735,Frederiksberg,Women,30-34,3914
736,Frederiksberg,Women,35-39,2519
737,Frederiksberg,Women,40-44,2120
738,Frederiksberg,Women,45-49,2652
739,Frederiksberg,Women,50-54,3057
740,Frederiksberg,Women,55-59,2946
741,Frederiksberg,Women,60-64,2797
742,Frederiksberg,Women,65-69,2215
743,Frederiksberg,Women,70-74,2170
744,Frederiksberg,Women,75-79,2422
745,Frederiksberg,Women,80-84,1989
746,Frederiksberg,Women,85-89,1002
747,Frederiksberg,Women,90-94,469
748,Frederikshavn,Men,100+,30
749,Frederikshavn,Men,15-19,1482
750,Frederikshavn,Men,20-24,1205
751,Frederikshavn,Men,25-29,1023
752,Frederikshavn,Men,30-34,1236
753,Frederikshavn,Men,35-39,1280
754,Frederikshavn,Men,40-44,1302
755,Frederikshavn,Men,45-49,1408
756,Frederikshavn,Men,50-54,1727
757,Frederikshavn,Men,55-59,2070
758,Frederikshavn,Men,60-64,2283
759,Frederikshavn,Men,65-69,2093
760,Frederikshavn,Men,70-74,1879
761,Frederikshavn,Men,75-79,1772
762,Frederikshavn,Men,80-84,1315
763,Frederikshavn,Men,85-89,595
764,Frederikshavn,Men,90-94,179
765,Frederikshavn,Women,100+,93
766,Frederikshavn,Women,15-19,1394
767,Frederikshavn,Women,20-24,871
768,Frederikshavn,Women,25-29,839
769,Frederikshavn,Women,30-34,1174
770,Frederikshavn,Women,35-39,1217
771,Frederikshavn,Women,40-44,1170
772,Frederikshavn,Women,45-49,1422
773,Frederikshavn,Women,50-54,1720
774,Frederikshavn,Women,55-59,2018
775,Frederikshavn,Women,60-64,2258
776,Frederikshavn,Women,65-69,2147
777,Frederikshavn,Women,70-74,1951
778,Frederikshavn,Women,75-79,1903
779,Frederikshavn,Women,80-84,1549
780,Frederikshavn,Women,85-89,803
781,Frederikshavn,Women,90-94,348
782,Frederikssund,Men,100+,10
783,Frederikssund,Men,15-19,1308
784,Frederikssund,Men,20-24,1071
785,Frederikssund,Men,25-29,870
786,Frederikssund,Men,30-34,1127
787,Frederikssund,Men,35-39,1158
788,Frederikssund,Men,40-44,1003
789,Frederikssund,Men,45-49,1191
790,Frederikssund,Men,50-54,1608
791,Frederikssund,Men,55-59,1732
792,Frederikssund,Men,60-64,1854
793,Frederikssund,Men,65-69,1480
794,Frederikssund,Men,70-74,1249
795,Frederikssund,Men,75-79,1235
796,Frederikssund,Men,80-84,963
797,Frederikssund,Men,85-89,442
798,Frederikssund,Men,90-94,100
799,Frederikssund,Women,100+,57
800,Frederikssund,Women,15-19,1268
801,Frederikssund,Women,20-24,866
802,Frederikssund,Women,25-29,781
803,Frederikssund,Women,30-34,1161
804,Frederikssund,Women,35-39,1081
805,Frederikssund,Women,40-44,984
806,Frederikssund,Women,45-49,1232
807,Frederikssund,Women,50-54,1640
808,Frederikssund,Women,55-59,1674
809,Frederikssund,Women,60-64,1891
810,Frederikssund,Women,65-69,1568
811,Frederikssund,Women,70-74,1355
812,Frederikssund,Women,75-79,1435
813,Frederikssund,Women,80-84,1236
814,Frederikssund,Women,85-89,616
815,Frederikssund,Women,90-94,202
816,Furesø,Men,100+,20
817,Furesø,Men,15-19,1395
818,Furesø,Men,20-24,753
819,Furesø,Men,25-29,469
820,Furesø,Men,30-34,751
821,Furesø,Men,35-39,1049
822,Furesø,Men,40-44,1055
823,Furesø,Men,45-49,1170
824,Furesø,Men,50-54,1339
825,Furesø,Men,55-59,1300
826,Furesø,Men,60-64,1322
827,Furesø,Men,65-69,1054
828,Furesø,Men,70-74,873
829,Furesø,Men,75-79,880
830,Furesø,Men,80-84,718
831,Furesø,Men,85-89,375
832,Furesø,Men,90-94,141
833,Furesø,Women,100+,71
834,Furesø,Women,15-19,1251
835,Furesø,Women,20-24,648
836,Furesø,Women,25-29,390
837,Furesø,Women,30-34,859
838,Furesø,Women,35-39,1107
839,Furesø,Women,40-44,1097
840,Furesø,Women,45-49,1264
841,Furesø,Women,50-54,1377
842,Furesø,Women,55-59,1347
843,Furesø,Women,60-64,1383
844,Furesø,Women,65-69,1084
845,Furesø,Women,70-74,1092
846,Furesø,Women,75-79,1131
847,Furesø,Women,80-84,941
848,Furesø,Women,85-89,573
849,Furesø,Women,90-94,271
850,Gentofte,Men,100+,30
851,Gentofte,Men,15-19,2654
852,Gentofte,Men,20-24,1714
853,Gentofte,Men,25-29,1209
854,Gentofte,Men,30-34,1307
855,Gentofte,Men,35-39,1328
856,Gentofte,Men,40-44,1476
857,Gentofte,Men,45-49,1927
858,Gentofte,Men,50-54,2398
859,Gentofte,Men,55-59,2515
860,Gentofte,Men,60-64,2374
861,Gentofte,Men,65-69,1872
862,Gentofte,Men,70-74,1557
863,Gentofte,Men,75-79,1603
864,Gentofte,Men,80-84,1197
865,Gentofte,Men,85-89,547
866,Gentofte,Men,90-94,179
867,Gentofte,Women,100+,131
868,Gentofte,Women,15-19,2546
869,Gentofte,Women,20-24,1428
870,Gentofte,Women,25-29,995
871,Gentofte,Women,30-34,1298
872,Gentofte,Women,35-39,1462
873,Gentofte,Women,40-44,1616
874,Gentofte,Women,45-49,2152
875,Gentofte,Women,50-54,2682
876,Gentofte,Women,55-59,2787
877,Gentofte,Women,60-64,2590
878,Gentofte,Women,65-69,2080
879,Gentofte,Women,70-74,1839
880,Gentofte,Women,75-79,1990
881,Gentofte,Women,80-84,1690
882,Gentofte,Women,85-89,909
883,Gentofte,Women,90-94,407
884,Gladsaxe,Men,100+,27
885,Gladsaxe,Men,15-19,2105
886,Gladsaxe,Men,20-24,1966
887,Gladsaxe,Men,25-29,1721
888,Gladsaxe,Men,30-34,1761
889,Gladsaxe,Men,35-39,1742
890,Gladsaxe,Men,40-44,1688
891,Gladsaxe,Men,45-49,1833
892,Gladsaxe,Men,50-54,2012
893,Gladsaxe,Men,55-59,1861
894,Gladsaxe,Men,60-64,1866
895,Gladsaxe,Men,65-69,1575
896,Gladsaxe,Men,70-74,1299
897,Gladsaxe,Men,75-79,1087
898,Gladsaxe,Men,80-84,798
899,Gladsaxe,Men,85-89,311
900,Gladsaxe,Men,90-94,120
901,Gladsaxe,Women,100+,94
902,Gladsaxe,Women,15-19,1911
903,Gladsaxe,Women,20-24,1608
904,Gladsaxe,Women,25-29,1443
905,Gladsaxe,Women,30-34,1584
906,Gladsaxe,Women,35-39,1740
907,Gladsaxe,Women,40-44,1639
908,Gladsaxe,Women,45-49,1859
909,Gladsaxe,Women,50-54,2101
910,Gladsaxe,Women,55-59,1932
911,Gladsaxe,Women,60-64,1924
912,Gladsaxe,Women,65-69,1610
913,Gladsaxe,Women,70-74,1501
914,Gladsaxe,Women,75-79,1351
915,Gladsaxe,Women,80-84,1021
916,Gladsaxe,Women,85-89,621
917,Gladsaxe,Women,90-94,322
918,Glostrup,Men,100+,11
919,Glostrup,Men,15-19,602
920,Glostrup,Men,20-24,647
921,Glostrup,Men,25-29,714
922,Glostrup,Men,30-34,758
923,Glostrup,Men,35-39,669
924,Glostrup,Men,40-44,568
925,Glostrup,Men,45-49,644
926,Glostrup,Men,50-54,696
927,Glostrup,Men,55-59,725
928,Glostrup,Men,60-64,669
929,Glostrup,Men,65-69,527
930,Glostrup,Men,70-74,387
931,Glostrup,Men,75-79,415
932,Glostrup,Men,80-84,289
933,Glostrup,Men,85-89,145
934,Glostrup,Men,90-94,43
935,Glostrup,Women,100+,28
936,Glostrup,Women,15-19,535
937,Glostrup,Women,20-24,589
938,Glostrup,Women,25-29,720
939,Glostrup,Women,30-34,708
940,Glostrup,Women,35-39,638
941,Glostrup,Women,40-44,512
942,Glostrup,Women,45-49,579
943,Glostrup,Women,50-54,665
944,Glostrup,Women,55-59,694
945,Glostrup,Women,60-64,694
946,Glostrup,Women,65-69,566
947,Glostrup,Women,70-74,481
948,Glostrup,Women,75-79,509
949,Glostrup,Women,80-84,408
950,Glostrup,Women,85-89,285
951,Glostrup,Women,90-94,137
952,Greve,Men,100+,10
953,Greve,Men,15-19,1686
954,Greve,Men,20-24,1174
955,Greve,Men,25-29,860
956,Greve,Men,30-34,1292
957,Greve,Men,35-39,1281
958,Greve,Men,40-44,1266
959,Greve,Men,45-49,1345
960,Greve,Men,50-54,1638
961,Greve,Men,55-59,1792
962,Greve,Men,60-64,1653
963,Greve,Men,65-69,1141
964,Greve,Men,70-74,1091
965,Greve,Men,75-79,1132
966,Greve,Men,80-84,980
967,Greve,Men,85-89,395
968,Greve,Men,90-94,120
969,Greve,Women,100+,38
970,Greve,Women,15-19,1489
971,Greve,Women,20-24,999
972,Greve,Women,25-29,897
973,Greve,Women,30-34,1378
974,Greve,Women,35-39,1386
975,Greve,Women,40-44,1267
976,Greve,Women,45-49,1454
977,Greve,Women,50-54,1754
978,Greve,Women,55-59,1784
979,Greve,Women,60-64,1595
980,Greve,Women,65-69,1258
981,Greve,Women,70-74,1216
982,Greve,Women,75-79,1494
983,Greve,Women,80-84,1248
984,Greve,Women,85-89,569
985,Greve,Women,90-94,178
986,Gribskov,Men,100+,16
987,Gribskov,Men,15-19,1106
988,Gribskov,Men,20-24,819
989,Gribskov,Men,25-29,649
990,Gribskov,Men,30-34,824
991,Gribskov,Men,35-39,885
992,Gribskov,Men,40-44,780
993,Gribskov,Men,45-49,966
994,Gribskov,Men,50-54,1350
995,Gribskov,Men,55-59,1557
996,Gribskov,Men,60-64,1690
997,Gribskov,Men,65-69,1560
998,Gribskov,Men,70-74,1344
999,Gribskov,Men,75-79,1327
1000,Gribskov,Men,80-84,1023
1001,Gribskov,Men,85-89,446
1002,Gribskov,Men,90-94,100
1003,Gribskov,Women,100+,45
1004,Gribskov,Women,15-19,1044
1005,Gribskov,Women,20-24,621
1006,Gribskov,Women,25-29,594
1007,Gribskov,Women,30-34,816
1008,Gribskov,Women,35-39,853
1009,Gribskov,Women,40-44,802
1010,Gribskov,Women,45-49,1028
1011,Gribskov,Women,50-54,1415
1012,Gribskov,Women,55-59,1615
1013,Gribskov,Women,60-64,1785
1014,Gribskov,Women,65-69,1576
1015,Gribskov,Women,70-74,1364
1016,Gribskov,Women,75-79,1501
1017,Gribskov,Women,80-84,1184
1018,Gribskov,Women,85-89,496
1019,Gribskov,Women,90-94,199
1020,Guldborgsund,Men,100+,34
1021,Guldborgsund,Men,15-19,1509
1022,Guldborgsund,Men,20-24,1174
1023,Guldborgsund,Men,25-29,1232
1024,Guldborgsund,Men,30-34,1437
1025,Guldborgsund,Men,35-39,1411
1026,Guldborgsund,Men,40-44,1313
1027,Guldborgsund,Men,45-49,1591
1028,Guldborgsund,Men,50-54,1812
1029,Guldborgsund,Men,55-59,2082
1030,Guldborgsund,Men,60-64,2246
1031,Guldborgsund,Men,65-69,2101
1032,Guldborgsund,Men,70-74,1957
1033,Guldborgsund,Men,75-79,1790
1034,Guldborgsund,Men,80-84,1272
1035,Guldborgsund,Men,85-89,542
1036,Guldborgsund,Men,90-94,177
1037,Guldborgsund,Women,100+,76
1038,Guldborgsund,Women,15-19,1407
1039,Guldborgsund,Women,20-24,1101
1040,Guldborgsund,Women,25-29,1131
1041,Guldborgsund,Women,30-34,1365
1042,Guldborgsund,Women,35-39,1319
1043,Guldborgsund,Women,40-44,1230
1044,Guldborgsund,Women,45-49,1488
1045,Guldborgsund,Women,50-54,1865
1046,Guldborgsund,Women,55-59,1959
1047,Guldborgsund,Women,60-64,2230
1048,Guldborgsund,Women,65-69,2104
1049,Guldborgsund,Women,70-74,2033
1050,Guldborgsund,Women,75-79,1998
1051,Guldborgsund,Women,80-84,1493
1052,Guldborgsund,Women,85-89,816
1053,Guldborgsund,Women,90-94,343
1054,Haderslev,Men,100+,23
1055,Haderslev,Men,15-19,1582
1056,Haderslev,Men,20-24,1306
1057,Haderslev,Men,25-29,1112
1058,Haderslev,Men,30-34,1294
1059,Haderslev,Men,35-39,1227
1060,Haderslev,Men,40-44,1229
1061,Haderslev,Men,45-49,1469
1062,Haderslev,Men,50-54,1707
1063,Haderslev,Men,55-59,1857
1064,Haderslev,Men,60-64,1938
1065,Haderslev,Men,65-69,1736
1066,Haderslev,Men,70-74,1570
1067,Haderslev,Men,75-79,1384
1068,Haderslev,Men,80-84,1026
1069,Haderslev,Men,85-89,475
1070,Haderslev,Men,90-94,142
1071,Haderslev,Women,100+,68
1072,Haderslev,Women,15-19,1505
1073,Haderslev,Women,20-24,1031
1074,Haderslev,Women,25-29,892
1075,Haderslev,Women,30-34,1176
1076,Haderslev,Women,35-39,1197
1077,Haderslev,Women,40-44,1229
1078,Haderslev,Women,45-49,1388
1079,Haderslev,Women,50-54,1633
1080,Haderslev,Women,55-59,1811
1081,Haderslev,Women,60-64,1956
1082,Haderslev,Women,65-69,1799
1083,Haderslev,Women,70-74,1605
1084,Haderslev,Women,75-79,1483
1085,Haderslev,Women,80-84,1218
1086,Haderslev,Women,85-89,711
1087,Haderslev,Women,90-94,326
1088,Halsnæs,Men,100+,10
1089,Halsnæs,Men,15-19,828
1090,Halsnæs,Men,20-24,613
1091,Halsnæs,Men,25-29,518
1092,Halsnæs,Men,30-34,651
1093,Halsnæs,Men,35-39,666
1094,Halsnæs,Men,40-44,607
1095,Halsnæs,Men,45-49,814
1096,Halsnæs,Men,50-54,968
1097,Halsnæs,Men,55-59,1094
1098,Halsnæs,Men,60-64,1198
1099,Halsnæs,Men,65-69,1148
1100,Halsnæs,Men,70-74,1028
1101,Halsnæs,Men,75-79,1032
1102,Halsnæs,Men,80-84,688
1103,Halsnæs,Men,85-89,288
1104,Halsnæs,Men,90-94,78
1105,Halsnæs,Women,100+,31
1106,Halsnæs,Women,15-19,739
1107,Halsnæs,Women,20-24,511
1108,Halsnæs,Women,25-29,454
1109,Halsnæs,Women,30-34,652
1110,Halsnæs,Women,35-39,600
1111,Halsnæs,Women,40-44,617
1112,Halsnæs,Women,45-49,823
1113,Halsnæs,Women,50-54,1011
1114,Halsnæs,Women,55-59,1090
1115,Halsnæs,Women,60-64,1282
1116,Halsnæs,Women,65-69,1147
1117,Halsnæs,Women,70-74,1104
1118,Halsnæs,Women,75-79,1071
1119,Halsnæs,Women,80-84,788
1120,Halsnæs,Women,85-89,397
1121,Halsnæs,Women,90-94,144
1122,Hedensted,Men,100+,16
1123,Hedensted,Men,15-19,1537
1124,Hedensted,Men,20-24,1050
1125,Hedensted,Men,25-29,972
1126,Hedensted,Men,30-34,1241
1127,Hedensted,Men,35-39,1181
1128,Hedensted,Men,40-44,1134
1129,Hedensted,Men,45-49,1377
1130,Hedensted,Men,50-54,1728
1131,Hedensted,Men,55-59,1744
1132,Hedensted,Men,60-64,1730
1133,Hedensted,Men,65-69,1470
1134,Hedensted,Men,70-74,1223
1135,Hedensted,Men,75-79,1122
1136,Hedensted,Men,80-84,779
1137,Hedensted,Men,85-89,324
1138,Hedensted,Men,90-94,126
1139,Hedensted,Women,100+,62
1140,Hedensted,Women,15-19,1292
1141,Hedensted,Women,20-24,813
1142,Hedensted,Women,25-29,832
1143,Hedensted,Women,30-34,1245
1144,Hedensted,Women,35-39,1143
1145,Hedensted,Women,40-44,1110
1146,Hedensted,Women,45-49,1374
1147,Hedensted,Women,50-54,1583
1148,Hedensted,Women,55-59,1714
1149,Hedensted,Women,60-64,1610
1150,Hedensted,Women,65-69,1389
1151,Hedensted,Women,70-74,1212
1152,Hedensted,Women,75-79,1175
1153,Hedensted,Women,80-84,901
1154,Hedensted,Women,85-89,492
1155,Hedensted,Women,90-94,221
1156,Helsingør,Men,100+,33
1157,Helsingør,Men,15-19,1854
1158,Helsingør,Men,20-24,1371
1159,Helsingør,Men,25-29,1084
1160,Helsingør,Men,30-34,1414
1161,Helsingør,Men,35-39,1543
1162,Helsingør,Men,40-44,1312
1163,Helsingør,Men,45-49,1516
1164,Helsingør,Men,50-54,1970
1165,Helsingør,Men,55-59,2284
1166,Helsingør,Men,60-64,2315
1167,Helsingør,Men,65-69,1864
1168,Helsingør,Men,70-74,1652
1169,Helsingør,Men,75-79,1638
1170,Helsingør,Men,80-84,1317
1171,Helsingør,Men,85-89,553
1172,Helsingør,Men,90-94,168
1173,Helsingør,Women,100+,83
1174,Helsingør,Women,15-19,1758
1175,Helsingør,Women,20-24,1191
1176,Helsingør,Women,25-29,990
1177,Helsingør,Women,30-34,1385
1178,Helsingør,Women,35-39,1527
1179,Helsingør,Women,40-44,1350
1180,Helsingør,Women,45-49,1620
1181,Helsingør,Women,50-54,2217
1182,Helsingør,Women,55-59,2393
1183,Helsingør,Women,60-64,2374
1184,Helsingør,Women,65-69,2092
1185,Helsingør,Women,70-74,1943
1186,Helsingør,Women,75-79,2023
1187,Helsingør,Women,80-84,1624
1188,Helsingør,Women,85-89,873
1189,Helsingør,Women,90-94,331
1190,Herlev,Men,100+,17
1191,Herlev,Men,15-19,914
1192,Herlev,Men,20-24,852
1193,Herlev,Men,25-29,782
1194,Herlev,Men,30-34,765
1195,Herlev,Men,35-39,789
1196,Herlev,Men,40-44,737
1197,Herlev,Men,45-49,791
1198,Herlev,Men,50-54,876
1199,Herlev,Men,55-59,788
1200,Herlev,Men,60-64,837
1201,Herlev,Men,65-69,705
1202,Herlev,Men,70-74,598
1203,Herlev,Men,75-79,524
1204,Herlev,Men,80-84,359
1205,Herlev,Men,85-89,180
1206,Herlev,Men,90-94,72
1207,Herlev,Women,100+,49
1208,Herlev,Women,15-19,867
1209,Herlev,Women,20-24,703
1210,Herlev,Women,25-29,706
1211,Herlev,Women,30-34,799
1212,Herlev,Women,35-39,794
1213,Herlev,Women,40-44,743
1214,Herlev,Women,45-49,872
1215,Herlev,Women,50-54,811
1216,Herlev,Women,55-59,876
1217,Herlev,Women,60-64,833
1218,Herlev,Women,65-69,814
1219,Herlev,Women,70-74,698
1220,Herlev,Women,75-79,592
1221,Herlev,Women,80-84,487
1222,Herlev,Women,85-89,312
1223,Herlev,Women,90-94,158
1224,Herning,Men,100+,32
1225,Herning,Men,15-19,2588
1226,Herning,Men,20-24,2291
1227,Herning,Men,25-29,2159
1228,Herning,Men,30-34,2507
1229,Herning,Men,35-39,2355
1230,Herning,Men,40-44,1997
1231,Herning,Men,45-49,2463
1232,Herning,Men,50-54,2792
1233,Herning,Men,55-59,3012
1234,Herning,Men,60-64,2918
1235,Herning,Men,65-69,2439
1236,Herning,Men,70-74,2104
1237,Herning,Men,75-79,2008
1238,Herning,Men,80-84,1400
1239,Herning,Men,85-89,724
1240,Herning,Men,90-94,199
1241,Herning,Women,100+,110
1242,Herning,Women,15-19,2603
1243,Herning,Women,20-24,2071
1244,Herning,Women,25-29,1839
1245,Herning,Women,30-34,2311
1246,Herning,Women,35-39,2114
1247,Herning,Women,40-44,2065
1248,Herning,Women,45-49,2385
1249,Herning,Women,50-54,2730
1250,Herning,Women,55-59,2839
1251,Herning,Women,60-64,2773
1252,Herning,Women,65-69,2438
1253,Herning,Women,70-74,2327
1254,Herning,Women,75-79,2223
1255,Herning,Women,80-84,1700
1256,Herning,Women,85-89,927
1257,Herning,Women,90-94,413
1258,Hillerød,Men,100+,25
1259,Hillerød,Men,15-19,1649
1260,Hillerød,Men,20-24,1425
1261,Hillerød,Men,25-29,1215
1262,Hillerød,Men,30-34,1439
1263,Hillerød,Men,35-39,1429
1264,Hillerød,Men,40-44,1243
1265,Hillerød,Men,45-49,1347
1266,Hillerød,Men,50-54,1723
1267,Hillerød,Men,55-59,1778
1268,Hillerød,Men,60-64,1718
1269,Hillerød,Men,65-69,1372
1270,Hillerød,Men,70-74,1097
1271,Hillerød,Men,75-79,1035
1272,Hillerød,Men,80-84,776
1273,Hillerød,Men,85-89,387
1274,Hillerød,Men,90-94,109
1275,Hillerød,Women,100+,45
1276,Hillerød,Women,15-19,1592
1277,Hillerød,Women,20-24,1248
1278,Hillerød,Women,25-29,1120
1279,Hillerød,Women,30-34,1414
1280,Hillerød,Women,35-39,1428
1281,Hillerød,Women,40-44,1285
1282,Hillerød,Women,45-49,1421
1283,Hillerød,Women,50-54,1852
1284,Hillerød,Women,55-59,1948
1285,Hillerød,Women,60-64,1817
1286,Hillerød,Women,65-69,1430
1287,Hillerød,Women,70-74,1206
1288,Hillerød,Women,75-79,1337
1289,Hillerød,Women,80-84,1063
1290,Hillerød,Women,85-89,605
1291,Hillerød,Women,90-94,203
1292,Hjørring,Men,100+,33
1293,Hjørring,Men,15-19,1832
1294,Hjørring,Men,20-24,1450
1295,Hjørring,Men,25-29,1249
1296,Hjørring,Men,30-34,1602
1297,Hjørring,Men,35-39,1495
1298,Hjørring,Men,40-44,1408
1299,Hjørring,Men,45-49,1689
1300,Hjørring,Men,50-54,1924
1301,Hjørring,Men,55-59,2201
1302,Hjørring,Men,60-64,2296
1303,Hjørring,Men,65-69,2126
1304,Hjørring,Men,70-74,1817
1305,Hjørring,Men,75-79,1751
1306,Hjørring,Men,80-84,1204
1307,Hjørring,Men,85-89,560
1308,Hjørring,Men,90-94,218
1309,Hjørring,Women,100+,93
1310,Hjørring,Women,15-19,1637
1311,Hjørring,Women,20-24,1216
1312,Hjørring,Women,25-29,1184
1313,Hjørring,Women,30-34,1519
1314,Hjørring,Women,35-39,1382
1315,Hjørring,Women,40-44,1380
1316,Hjørring,Women,45-49,1635
1317,Hjørring,Women,50-54,1984
1318,Hjørring,Women,55-59,2092
1319,Hjørring,Women,60-64,2312
1320,Hjørring,Women,65-69,2211
1321,Hjørring,Women,70-74,2054
1322,Hjørring,Women,75-79,1777
1323,Hjørring,Women,80-84,1391
1324,Hjørring,Women,85-89,826
1325,Hjørring,Women,90-94,368
1326,Holbæk,Men,100+,22
1327,Holbæk,Men,15-19,2289
1328,Holbæk,Men,20-24,1834
1329,Holbæk,Men,25-29,1508
1330,Holbæk,Men,30-34,1909
1331,Holbæk,Men,35-39,1883
1332,Holbæk,Men,40-44,1781
1333,Holbæk,Men,45-49,1913
1334,Holbæk,Men,50-54,2457
1335,Holbæk,Men,55-59,2650
1336,Holbæk,Men,60-64,2522
1337,Holbæk,Men,65-69,2188
1338,Holbæk,Men,70-74,1951
1339,Holbæk,Men,75-79,1856
1340,Holbæk,Men,80-84,1189
1341,Holbæk,Men,85-89,525
1342,Holbæk,Men,90-94,152
1343,Holbæk,Women,100+,79
1344,Holbæk,Women,15-19,2203
1345,Holbæk,Women,20-24,1564
1346,Holbæk,Women,25-29,1470
1347,Holbæk,Women,30-34,1882
1348,Holbæk,Women,35-39,1936
1349,Holbæk,Women,40-44,1742
1350,Holbæk,Women,45-49,2031
1351,Holbæk,Women,50-54,2586
1352,Holbæk,Women,55-59,2656
1353,Holbæk,Women,60-64,2645
1354,Holbæk,Women,65-69,2349
1355,Holbæk,Women,70-74,2176
1356,Holbæk,Women,75-79,2069
1357,Holbæk,Women,80-84,1506
1358,Holbæk,Women,85-89,705
1359,Holbæk,Women,90-94,291
1360,Holstebro,Men,100+,22
1361,Holstebro,Men,15-19,1843
1362,Holstebro,Men,20-24,1688
1363,Holstebro,Men,25-29,1454
1364,Holstebro,Men,30-34,1628
1365,Holstebro,Men,35-39,1516
1366,Holstebro,Men,40-44,1386
1367,Holstebro,Men,45-49,1600
1368,Holstebro,Men,50-54,1797
1369,Holstebro,Men,55-59,1783
1370,Holstebro,Men,60-64,1815
1371,Holstebro,Men,65-69,1643
1372,Holstebro,Men,70-74,1534
1373,Holstebro,Men,75-79,1325
1374,Holstebro,Men,80-84,984
1375,Holstebro,Men,85-89,487
1376,Holstebro,Men,90-94,133
1377,Holstebro,Women,100+,65
1378,Holstebro,Women,15-19,1658
1379,Holstebro,Women,20-24,1511
1380,Holstebro,Women,25-29,1261
1381,Holstebro,Women,30-34,1610
1382,Holstebro,Women,35-39,1459
1383,Holstebro,Women,40-44,1372
1384,Holstebro,Women,45-49,1577
1385,Holstebro,Women,50-54,1744
1386,Holstebro,Women,55-59,1760
1387,Holstebro,Women,60-64,1923
1388,Holstebro,Women,65-69,1735
1389,Holstebro,Women,70-74,1622
1390,Holstebro,Women,75-79,1544
1391,Holstebro,Women,80-84,1081
1392,Holstebro,Women,85-89,638
1393,Holstebro,Women,90-94,275
1394,Horsens,Men,100+,30
1395,Horsens,Men,15-19,2729
1396,Horsens,Men,20-24,2213
1397,Horsens,Men,25-29,2226
1398,Horsens,Men,30-34,2921
1399,Horsens,Men,35-39,2649
1400,Horsens,Men,40-44,2419
1401,Horsens,Men,45-49,2739
1402,Horsens,Men,50-54,2958
1403,Horsens,Men,55-59,2958
1404,Horsens,Men,60-64,2717
1405,Horsens,Men,65-69,2262
1406,Horsens,Men,70-74,2175
1407,Horsens,Men,75-79,1924
1408,Horsens,Men,80-84,1308
1409,Horsens,Men,85-89,631
1410,Horsens,Men,90-94,214
1411,Horsens,Women,100+,95
1412,Horsens,Women,15-19,2662
1413,Horsens,Women,20-24,2103
1414,Horsens,Women,25-29,2131
1415,Horsens,Women,30-34,2770
1416,Horsens,Women,35-39,2594
1417,Horsens,Women,40-44,2348
1418,Horsens,Women,45-49,2643
1419,Horsens,Women,50-54,2955
1420,Horsens,Women,55-59,2773
1421,Horsens,Women,60-64,2835
1422,Horsens,Women,65-69,2399
1423,Horsens,Women,70-74,2353
1424,Horsens,Women,75-79,2226
1425,Horsens,Women,80-84,1643
1426,Horsens,Women,85-89,821
1427,Horsens,Women,90-94,341
1428,Hvidovre,Men,100+,18
1429,Hvidovre,Men,15-19,1630
1430,Hvidovre,Men,20-24,1377
1431,Hvidovre,Men,25-29,1225
1432,Hvidovre,Men,30-34,1342
1433,Hvidovre,Men,35-39,1471
1434,Hvidovre,Men,40-44,1477
1435,Hvidovre,Men,45-49,1616
1436,Hvidovre,Men,50-54,1552
1437,Hvidovre,Men,55-59,1479
1438,Hvidovre,Men,60-64,1366
1439,Hvidovre,Men,65-69,1238
1440,Hvidovre,Men,70-74,969
1441,Hvidovre,Men,75-79,878
1442,Hvidovre,Men,80-84,635
1443,Hvidovre,Men,85-89,315
1444,Hvidovre,Men,90-94,90
1445,Hvidovre,Women,100+,83
1446,Hvidovre,Women,15-19,1530
1447,Hvidovre,Women,20-24,1182
1448,Hvidovre,Women,25-29,1182
1449,Hvidovre,Women,30-34,1271
1450,Hvidovre,Women,35-39,1521
1451,Hvidovre,Women,40-44,1494
1452,Hvidovre,Women,45-49,1582
1453,Hvidovre,Women,50-54,1596
1454,Hvidovre,Women,55-59,1444
1455,Hvidovre,Women,60-64,1485
1456,Hvidovre,Women,65-69,1301
1457,Hvidovre,Women,70-74,1095
1458,Hvidovre,Women,75-79,1071
1459,Hvidovre,Women,80-84,881
1460,Hvidovre,Women,85-89,488
1461,Hvidovre,Women,90-94,209
1462,Høje-Taastrup,Men,100+,9
1463,Høje-Taastrup,Men,15-19,1442
1464,Høje-Taastrup,Men,20-24,1310
1465,Høje-Taastrup,Men,25-29,1527
1466,Høje-Taastrup,Men,30-34,1604
1467,Høje-Taastrup,Men,35-39,1392
1468,Høje-Taastrup,Men,40-44,1167
1469,Høje-Taastrup,Men,45-49,1399
1470,Høje-Taastrup,Men,50-54,1434
1471,Høje-Taastrup,Men,55-59,1497
1472,Høje-Taastrup,Men,60-64,1362
1473,Høje-Taastrup,Men,65-69,1164
1474,Høje-Taastrup,Men,70-74,922
1475,Høje-Taastrup,Men,75-79,918
1476,Høje-Taastrup,Men,80-84,725
1477,Høje-Taastrup,Men,85-89,336
1478,Høje-Taastrup,Men,90-94,79
1479,Høje-Taastrup,Women,100+,46
1480,Høje-Taastrup,Women,15-19,1355
1481,Høje-Taastrup,Women,20-24,1315
1482,Høje-Taastrup,Women,25-29,1518
1483,Høje-Taastrup,Women,30-34,1510
1484,Høje-Taastrup,Women,35-39,1283
1485,Høje-Taastrup,Women,40-44,1136
1486,Høje-Taastrup,Women,45-49,1270
1487,Høje-Taastrup,Women,50-54,1362
1488,Høje-Taastrup,Women,55-59,1404
1489,Høje-Taastrup,Women,60-64,1335
1490,Høje-Taastrup,Women,65-69,1182
1491,Høje-Taastrup,Women,70-74,1056
1492,Høje-Taastrup,Women,75-79,1117
1493,Høje-Taastrup,Women,80-84,981
1494,Høje-Taastrup,Women,85-89,449
1495,Høje-Taastrup,Women,90-94,164
1496,Hørsholm,Men,100+,20
1497,Hørsholm,Men,15-19,809
1498,Hørsholm,Men,20-24,459
1499,Hørsholm,Men,25-29,275
1500,Hørsholm,Men,30-34,396
1501,Hørsholm,Men,35-39,489
1502,Hørsholm,Men,40-44,476
1503,Hørsholm,Men,45-49,606
1504,Hørsholm,Men,50-54,820
1505,Hørsholm,Men,55-59,837
1506,Hørsholm,Men,60-64,793
1507,Hørsholm,Men,65-69,726
1508,Hørsholm,Men,70-74,622
1509,Hørsholm,Men,75-79,712
1510,Hørsholm,Men,80-84,638
1511,Hørsholm,Men,85-89,286
1512,Hørsholm,Men,90-94,113
1513,Hørsholm,Women,100+,52
1514,Hørsholm,Women,15-19,783
1515,Hørsholm,Women,20-24,370
1516,Hørsholm,Women,25-29,246
1517,Hørsholm,Women,30-34,482
1518,Hørsholm,Women,35-39,501
1519,Hørsholm,Women,40-44,537
1520,Hørsholm,Women,45-49,682
1521,Hørsholm,Women,50-54,886
1522,Hørsholm,Women,55-59,923
1523,Hørsholm,Women,60-64,931
1524,Hørsholm,Women,65-69,733
1525,Hørsholm,Women,70-74,790
1526,Hørsholm,Women,75-79,955
1527,Hørsholm,Women,80-84,820
1528,Hørsholm,Women,85-89,492
1529,Hørsholm,Women,90-94,189
1530,Ikast-Brande,Men,100+,17
1531,Ikast-Brande,Men,15-19,1314
1532,Ikast-Brande,Men,20-24,896
1533,Ikast-Brande,Men,25-29,833
1534,Ikast-Brande,Men,30-34,1039
1535,Ikast-Brande,Men,35-39,1022
1536,Ikast-Brande,Men,40-44,1015
1537,Ikast-Brande,Men,45-49,1180
1538,Ikast-Brande,Men,50-54,1330
1539,Ikast-Brande,Men,55-59,1341
1540,Ikast-Brande,Men,60-64,1324
1541,Ikast-Brande,Men,65-69,1184
1542,Ikast-Brande,Men,70-74,1088
1543,Ikast-Brande,Men,75-79,1002
1544,Ikast-Brande,Men,80-84,702
1545,Ikast-Brande,Men,85-89,308
1546,Ikast-Brande,Men,90-94,87
1547,Ikast-Brande,Women,100+,53
1548,Ikast-Brande,Women,15-19,1195
1549,Ikast-Brande,Women,20-24,754
1550,Ikast-Brande,Women,25-29,743
1551,Ikast-Brande,Women,30-34,988
1552,Ikast-Brande,Women,35-39,991
1553,Ikast-Brande,Women,40-44,988
1554,Ikast-Brande,Women,45-49,1078
1555,Ikast-Brande,Women,50-54,1250
1556,Ikast-Brande,Women,55-59,1253
1557,Ikast-Brande,Women,60-64,1365
1558,Ikast-Brande,Women,65-69,1163
1559,Ikast-Brande,Women,70-74,1045
1560,Ikast-Brande,Women,75-79,1052
1561,Ikast-Brande,Women,80-84,812
1562,Ikast-Brande,Women,85-89,409
1563,Ikast-Brande,Women,90-94,173
1564,Ishøj,Men,100+,6
1565,Ishøj,Men,15-19,652
1566,Ishøj,Men,20-24,545
1567,Ishøj,Men,25-29,559
1568,Ishøj,Men,30-34,527
1569,Ishøj,Men,35-39,488
1570,Ishøj,Men,40-44,487
1571,Ishøj,Men,45-49,523
1572,Ishøj,Men,50-54,544
1573,Ishøj,Men,55-59,534
1574,Ishøj,Men,60-64,591
1575,Ishøj,Men,65-69,443
1576,Ishøj,Men,70-74,349
1577,Ishøj,Men,75-79,403
1578,Ishøj,Men,80-84,288
1579,Ishøj,Men,85-89,120
1580,Ishøj,Men,90-94,24
1581,Ishøj,Women,100+,7
1582,Ishøj,Women,15-19,615
1583,Ishøj,Women,20-24,528
1584,Ishøj,Women,25-29,546
1585,Ishøj,Women,30-34,538
1586,Ishøj,Women,35-39,467
1587,Ishøj,Women,40-44,460
1588,Ishøj,Women,45-49,502
1589,Ishøj,Women,50-54,556
1590,Ishøj,Women,55-59,559
1591,Ishøj,Women,60-64,534
1592,Ishøj,Women,65-69,431
1593,Ishøj,Women,70-74,405
1594,Ishøj,Women,75-79,493
1595,Ishøj,Women,80-84,333
1596,Ishøj,Women,85-89,143
1597,Ishøj,Women,90-94,48
1598,Jammerbugt,Men,100+,16
1599,Jammerbugt,Men,15-19,1135
1600,Jammerbugt,Men,20-24,800
1601,Jammerbugt,Men,25-29,679
1602,Jammerbugt,Men,30-34,945
1603,Jammerbugt,Men,35-39,918
1604,Jammerbugt,Men,40-44,880
1605,Jammerbugt,Men,45-49,1098
1606,Jammerbugt,Men,50-54,1249
1607,Jammerbugt,Men,55-59,1253
1608,Jammerbugt,Men,60-64,1418
1609,Jammerbugt,Men,65-69,1280
1610,Jammerbugt,Men,70-74,1151
1611,Jammerbugt,Men,75-79,1117
1612,Jammerbugt,Men,80-84,816
1613,Jammerbugt,Men,85-89,339
1614,Jammerbugt,Men,90-94,107
1615,Jammerbugt,Women,100+,45
1616,Jammerbugt,Women,15-19,1027
1617,Jammerbugt,Women,20-24,597
1618,Jammerbugt,Women,25-29,616
1619,Jammerbugt,Women,30-34,919
1620,Jammerbugt,Women,35-39,913
1621,Jammerbugt,Women,40-44,879
1622,Jammerbugt,Women,45-49,1004
1623,Jammerbugt,Women,50-54,1192
1624,Jammerbugt,Women,55-59,1327
1625,Jammerbugt,Women,60-64,1381
1626,Jammerbugt,Women,65-69,1223
1627,Jammerbugt,Women,70-74,1255
1628,Jammerbugt,Women,75-79,1159
1629,Jammerbugt,Women,80-84,888
1630,Jammerbugt,Women,85-89,419
1631,Jammerbugt,Women,90-94,181
1632,Kalundborg,Men,100+,26
1633,Kalundborg,Men,15-19,1339
1634,Kalundborg,Men,20-24,1094
1635,Kalundborg,Men,25-29,966
1636,Kalundborg,Men,30-34,1205
1637,Kalundborg,Men,35-39,1091
1638,Kalundborg,Men,40-44,1042
1639,Kalundborg,Men,45-49,1288
1640,Kalundborg,Men,50-54,1560
1641,Kalundborg,Men,55-59,1815
1642,Kalundborg,Men,60-64,1783
1643,Kalundborg,Men,65-69,1599
1644,Kalundborg,Men,70-74,1456
1645,Kalundborg,Men,75-79,1389
1646,Kalundborg,Men,80-84,914
1647,Kalundborg,Men,85-89,422
1648,Kalundborg,Men,90-94,116
1649,Kalundborg,Women,100+,61
1650,Kalundborg,Women,15-19,1220
1651,Kalundborg,Women,20-24,867
1652,Kalundborg,Women,25-29,832
1653,Kalundborg,Women,30-34,1084
1654,Kalundborg,Women,35-39,1047
1655,Kalundborg,Women,40-44,1037
1656,Kalundborg,Women,45-49,1254
1657,Kalundborg,Women,50-54,1599
1658,Kalundborg,Women,55-59,1735
1659,Kalundborg,Women,60-64,1840
1660,Kalundborg,Women,65-69,1655
1661,Kalundborg,Women,70-74,1483
1662,Kalundborg,Women,75-79,1448
1663,Kalundborg,Women,80-84,1095
1664,Kalundborg,Women,85-89,522
1665,Kalundborg,Women,90-94,233
1666,Kerteminde,Men,100+,7
1667,Kerteminde,Men,15-19,669
1668,Kerteminde,Men,20-24,441
1669,Kerteminde,Men,25-29,377
1670,Kerteminde,Men,30-34,588
1671,Kerteminde,Men,35-39,555
1672,Kerteminde,Men,40-44,524
1673,Kerteminde,Men,45-49,599
1674,Kerteminde,Men,50-54,752
1675,Kerteminde,Men,55-59,878
1676,Kerteminde,Men,60-64,933
1677,Kerteminde,Men,65-69,733
1678,Kerteminde,Men,70-74,717
1679,Kerteminde,Men,75-79,642
1680,Kerteminde,Men,80-84,517
1681,Kerteminde,Men,85-89,258
1682,Kerteminde,Men,90-94,85
1683,Kerteminde,Women,100+,36
1684,Kerteminde,Women,15-19,609
1685,Kerteminde,Women,20-24,389
1686,Kerteminde,Women,25-29,380
1687,Kerteminde,Women,30-34,598
1688,Kerteminde,Women,35-39,574
1689,Kerteminde,Women,40-44,462
1690,Kerteminde,Women,45-49,580
1691,Kerteminde,Women,50-54,811
1692,Kerteminde,Women,55-59,948
1693,Kerteminde,Women,60-64,922
1694,Kerteminde,Women,65-69,778
1695,Kerteminde,Women,70-74,756
1696,Kerteminde,Women,75-79,768
1697,Kerteminde,Women,80-84,641
1698,Kerteminde,Women,85-89,344
1699,Kerteminde,Women,90-94,157
1700,Kolding,Men,100+,35
1701,Kolding,Men,15-19,2882
1702,Kolding,Men,20-24,2412
1703,Kolding,Men,25-29,2210
1704,Kolding,Men,30-34,2620
1705,Kolding,Men,35-39,2447
1706,Kolding,Men,40-44,2228
1707,Kolding,Men,45-49,2572
1708,Kolding,Men,50-54,3108
1709,Kolding,Men,55-59,3163
1710,Kolding,Men,60-64,2938
1711,Kolding,Men,65-69,2479
1712,Kolding,Men,70-74,2138
1713,Kolding,Men,75-79,1926
1714,Kolding,Men,80-84,1419
1715,Kolding,Men,85-89,674
1716,Kolding,Men,90-94,192
1717,Kolding,Women,100+,100
1718,Kolding,Women,15-19,2885
1719,Kolding,Women,20-24,2174
1720,Kolding,Women,25-29,2169
1721,Kolding,Women,30-34,2416
1722,Kolding,Women,35-39,2428
1723,Kolding,Women,40-44,2144
1724,Kolding,Women,45-49,2706
1725,Kolding,Women,50-54,3191
1726,Kolding,Women,55-59,3046
1727,Kolding,Women,60-64,2923
1728,Kolding,Women,65-69,2480
1729,Kolding,Women,70-74,2321
1730,Kolding,Women,75-79,2251
1731,Kolding,Women,80-84,1694
1732,Kolding,Women,85-89,918
1733,Kolding,Women,90-94,384
1734,Køge,Men,100+,17
1735,Køge,Men,15-19,1906
1736,Køge,Men,20-24,1476
1737,Køge,Men,25-29,1334
1738,Køge,Men,30-34,1760
1739,Køge,Men,35-39,1661
1740,Køge,Men,40-44,1344
1741,Køge,Men,45-49,1572
1742,Køge,Men,50-54,2131
1743,Køge,Men,55-59,2245
1744,Køge,Men,60-64,2148
1745,Køge,Men,65-69,1525
1746,Køge,Men,70-74,1258
1747,Køge,Men,75-79,1347
1748,Køge,Men,80-84,1064
1749,Køge,Men,85-89,466
1750,Køge,Men,90-94,123
1751,Køge,Women,100+,66
1752,Køge,Women,15-19,1760
1753,Køge,Women,20-24,1357
1754,Køge,Women,25-29,1192
1755,Køge,Women,30-34,1741
1756,Køge,Women,35-39,1602
1757,Køge,Women,40-44,1461
1758,Køge,Women,45-49,1647
1759,Køge,Women,50-54,2300
1760,Køge,Women,55-59,2338
1761,Køge,Women,60-64,2060
1762,Køge,Women,65-69,1597
1763,Køge,Women,70-74,1468
1764,Køge,Women,75-79,1715
1765,Køge,Women,80-84,1387
1766,Køge,Women,85-89,634
1767,Køge,Women,90-94,211
1768,Langeland,Men,100+,15
1769,Langeland,Men,15-19,237
1770,Langeland,Men,20-24,198
1771,Langeland,Men,25-29,175
1772,Langeland,Men,30-34,191
1773,Langeland,Men,35-39,206
1774,Langeland,Men,40-44,219
1775,Langeland,Men,45-49,275
1776,Langeland,Men,50-54,340
1777,Langeland,Men,55-59,437
1778,Langeland,Men,60-64,522
1779,Langeland,Men,65-69,539
1780,Langeland,Men,70-74,579
1781,Langeland,Men,75-79,526
1782,Langeland,Men,80-84,339
1783,Langeland,Men,85-89,135
1784,Langeland,Men,90-94,54
1785,Langeland,Women,100+,30
1786,Langeland,Women,15-19,199
1787,Langeland,Women,20-24,147
1788,Langeland,Women,25-29,112
1789,Langeland,Women,30-34,162
1790,Langeland,Women,35-39,183
1791,Langeland,Women,40-44,237
1792,Langeland,Women,45-49,247
1793,Langeland,Women,50-54,371
1794,Langeland,Women,55-59,428
1795,Langeland,Women,60-64,501
1796,Langeland,Women,65-69,583
1797,Langeland,Women,70-74,542
1798,Langeland,Women,75-79,491
1799,Langeland,Women,80-84,353
1800,Langeland,Women,85-89,218
1801,Langeland,Women,90-94,101
1802,Lejre,Men,100+,9
1803,Lejre,Men,15-19,889
1804,Lejre,Men,20-24,549
1805,Lejre,Men,25-29,422
1806,Lejre,Men,30-34,644
1807,Lejre,Men,35-39,808
1808,Lejre,Men,40-44,753
1809,Lejre,Men,45-49,834
1810,Lejre,Men,50-54,1038
1811,Lejre,Men,55-59,1034
1812,Lejre,Men,60-64,1063
1813,Lejre,Men,65-69,905
1814,Lejre,Men,70-74,744
1815,Lejre,Men,75-79,756
1816,Lejre,Men,80-84,560
1817,Lejre,Men,85-89,243
1818,Lejre,Men,90-94,53
1819,Lejre,Women,100+,31
1820,Lejre,Women,15-19,849
1821,Lejre,Women,20-24,488
1822,Lejre,Women,25-29,415
1823,Lejre,Women,30-34,679
1824,Lejre,Women,35-39,876
1825,Lejre,Women,40-44,730
1826,Lejre,Women,45-49,863
1827,Lejre,Women,50-54,1053
1828,Lejre,Women,55-59,1050
1829,Lejre,Women,60-64,1033
1830,Lejre,Women,65-69,864
1831,Lejre,Women,70-74,812
1832,Lejre,Women,75-79,815
1833,Lejre,Women,80-84,566
1834,Lejre,Women,85-89,272
1835,Lejre,Women,90-94,128
1836,Lemvig,Men,100+,8
1837,Lemvig,Men,15-19,462
1838,Lemvig,Men,20-24,434
1839,Lemvig,Men,25-29,319
1840,Lemvig,Men,30-34,361
1841,Lemvig,Men,35-39,404
1842,Lemvig,Men,40-44,348
1843,Lemvig,Men,45-49,434
1844,Lemvig,Men,50-54,556
1845,Lemvig,Men,55-59,708
1846,Lemvig,Men,60-64,758
1847,Lemvig,Men,65-69,722
1848,Lemvig,Men,70-74,674
1849,Lemvig,Men,75-79,585
1850,Lemvig,Men,80-84,441
1851,Lemvig,Men,85-89,206
1852,Lemvig,Men,90-94,55
1853,Lemvig,Women,100+,34
1854,Lemvig,Women,15-19,500
1855,Lemvig,Women,20-24,332
1856,Lemvig,Women,25-29,235
1857,Lemvig,Women,30-34,360
1858,Lemvig,Women,35-39,321
1859,Lemvig,Women,40-44,327
1860,Lemvig,Women,45-49,464
1861,Lemvig,Women,50-54,567
1862,Lemvig,Women,55-59,661
1863,Lemvig,Women,60-64,762
1864,Lemvig,Women,65-69,709
1865,Lemvig,Women,70-74,611
1866,Lemvig,Women,75-79,616
1867,Lemvig,Women,80-84,437
1868,Lemvig,Women,85-89,250
1869,Lemvig,Women,90-94,101
1870,Lolland,Men,100+,25
1871,Lolland,Men,15-19,863
1872,Lolland,Men,20-24,723
1873,Lolland,Men,25-29,681
1874,Lolland,Men,30-34,788
1875,Lolland,Men,35-39,819
1876,Lolland,Men,40-44,777
1877,Lolland,Men,45-49,989
1878,Lolland,Men,50-54,1227
1879,Lolland,Men,55-59,1391
1880,Lolland,Men,60-64,1550
1881,Lolland,Men,65-69,1583
1882,Lolland,Men,70-74,1440
1883,Lolland,Men,75-79,1344
1884,Lolland,Men,80-84,934
1885,Lolland,Men,85-89,424
1886,Lolland,Men,90-94,115
1887,Lolland,Women,100+,62
1888,Lolland,Women,15-19,843
1889,Lolland,Women,20-24,568
1890,Lolland,Women,25-29,585
1891,Lolland,Women,30-34,667
1892,Lolland,Women,35-39,742
1893,Lolland,Women,40-44,723
1894,Lolland,Women,45-49,885
1895,Lolland,Women,50-54,1072
1896,Lolland,Women,55-59,1270
1897,Lolland,Women,60-64,1513
1898,Lolland,Women,65-69,1522
1899,Lolland,Women,70-74,1495
1900,Lolland,Women,75-79,1381
1901,Lolland,Women,80-84,1011
1902,Lolland,Women,85-89,556
1903,Lolland,Women,90-94,230
1904,Lyngby-Taarbæk,Men,100+,28
1905,Lyngby-Taarbæk,Men,15-19,1893
1906,Lyngby-Taarbæk,Men,20-24,1864
1907,Lyngby-Taarbæk,Men,25-29,1378
1908,Lyngby-Taarbæk,Men,30-34,1181
1909,Lyngby-Taarbæk,Men,35-39,1272
1910,Lyngby-Taarbæk,Men,40-44,1289
1911,Lyngby-Taarbæk,Men,45-49,1530
1912,Lyngby-Taarbæk,Men,50-54,1747
1913,Lyngby-Taarbæk,Men,55-59,1669
1914,Lyngby-Taarbæk,Men,60-64,1576
1915,Lyngby-Taarbæk,Men,65-69,1397
1916,Lyngby-Taarbæk,Men,70-74,1188
1917,Lyngby-Taarbæk,Men,75-79,1084
1918,Lyngby-Taarbæk,Men,80-84,784
1919,Lyngby-Taarbæk,Men,85-89,339
1920,Lyngby-Taarbæk,Men,90-94,136
1921,Lyngby-Taarbæk,Women,100+,114
1922,Lyngby-Taarbæk,Women,15-19,1652
1923,Lyngby-Taarbæk,Women,20-24,1318
1924,Lyngby-Taarbæk,Women,25-29,1071
1925,Lyngby-Taarbæk,Women,30-34,1061
1926,Lyngby-Taarbæk,Women,35-39,1327
1927,Lyngby-Taarbæk,Women,40-44,1353
1928,Lyngby-Taarbæk,Women,45-49,1591
1929,Lyngby-Taarbæk,Women,50-54,1878
1930,Lyngby-Taarbæk,Women,55-59,1801
1931,Lyngby-Taarbæk,Women,60-64,1814
1932,Lyngby-Taarbæk,Women,65-69,1505
1933,Lyngby-Taarbæk,Women,70-74,1402
1934,Lyngby-Taarbæk,Women,75-79,1395
1935,Lyngby-Taarbæk,Women,80-84,1016
1936,Lyngby-Taarbæk,Women,85-89,644
1937,Lyngby-Taarbæk,Women,90-94,302
1938,Læsø,Men,100+,1
1939,Læsø,Men,15-19,21
1940,Læsø,Men,20-24,21
1941,Læsø,Men,25-29,25
1942,Læsø,Men,30-34,29
1943,Læsø,Men,35-39,25
1944,Læsø,Men,40-44,24
1945,Læsø,Men,45-49,36
1946,Læsø,Men,50-54,48
1947,Læsø,Men,55-59,77
1948,Læsø,Men,60-64,66
1949,Læsø,Men,65-69,79
1950,Læsø,Men,70-74,74
1951,Læsø,Men,75-79,103
1952,Læsø,Men,80-84,56
1953,Læsø,Men,85-89,30
1954,Læsø,Men,90-94,6
1955,Læsø,Women,15-19,24
1956,Læsø,Women,20-24,22
1957,Læsø,Women,25-29,22
1958,Læsø,Women,30-34,29
1959,Læsø,Women,35-39,16
1960,Læsø,Women,40-44,24
1961,Læsø,Women,45-49,31
1962,Læsø,Women,50-54,63
1963,Læsø,Women,55-59,66
1964,Læsø,Women,60-64,71
1965,Læsø,Women,65-69,82
1966,Læsø,Women,70-74,75
1967,Læsø,Women,75-79,83
1968,Læsø,Women,80-84,54
1969,Læsø,Women,85-89,40
1970,Læsø,Women,90-94,8
1971,Mariagerfjord,Men,100+,13
1972,Mariagerfjord,Men,15-19,1215
1973,Mariagerfjord,Men,20-24,865
1974,Mariagerfjord,Men,25-29,844
1975,Mariagerfjord,Men,30-34,1087
1976,Mariagerfjord,Men,35-39,991
1977,Mariagerfjord,Men,40-44,975
1978,Mariagerfjord,Men,45-49,1151
1979,Mariagerfjord,Men,50-54,1291
1980,Mariagerfjord,Men,55-59,1471
1981,Mariagerfjord,Men,60-64,1627
1982,Mariagerfjord,Men,65-69,1387
1983,Mariagerfjord,Men,70-74,1359
1984,Mariagerfjord,Men,75-79,1122
1985,Mariagerfjord,Men,80-84,782
1986,Mariagerfjord,Men,85-89,350
1987,Mariagerfjord,Men,90-94,119
1988,Mariagerfjord,Women,100+,53
1989,Mariagerfjord,Women,15-19,1079
1990,Mariagerfjord,Women,20-24,679
1991,Mariagerfjord,Women,25-29,719
1992,Mariagerfjord,Women,30-34,1008
1993,Mariagerfjord,Women,35-39,933
1994,Mariagerfjord,Women,40-44,912
1995,Mariagerfjord,Women,45-49,1042
1996,Mariagerfjord,Women,50-54,1303
1997,Mariagerfjord,Women,55-59,1448
1998,Mariagerfjord,Women,60-64,1535
1999,Mariagerfjord,Women,65-69,1435
2000,Mariagerfjord,Women,70-74,1225
2001,Mariagerfjord,Women,75-79,1154
2002,Mariagerfjord,Women,80-84,877
2003,Mariagerfjord,Women,85-89,473
2004,Mariagerfjord,Women,90-94,209
2005,Middelfart,Men,100+,21
2006,Middelfart,Men,15-19,1245
2007,Middelfart,Men,20-24,754
2008,Middelfart,Men,25-29,644
2009,Middelfart,Men,30-34,1118
2010,Middelfart,Men,35-39,1010
2011,Middelfart,Men,40-44,912
2012,Middelfart,Men,45-49,1130
2013,Middelfart,Men,50-54,1335
2014,Middelfart,Men,55-59,1534
2015,Middelfart,Men,60-64,1489
2016,Middelfart,Men,65-69,1227
2017,Middelfart,Men,70-74,1113
2018,Middelfart,Men,75-79,1125
2019,Middelfart,Men,80-84,775
2020,Middelfart,Men,85-89,377
2021,Middelfart,Men,90-94,90
2022,Middelfart,Women,100+,47
2023,Middelfart,Women,15-19,1124
2024,Middelfart,Women,20-24,676
2025,Middelfart,Women,25-29,690
2026,Middelfart,Women,30-34,1066
2027,Middelfart,Women,35-39,954
2028,Middelfart,Women,40-44,912
2029,Middelfart,Women,45-49,1120
2030,Middelfart,Women,50-54,1435
2031,Middelfart,Women,55-59,1507
2032,Middelfart,Women,60-64,1499
2033,Middelfart,Women,65-69,1255
2034,Middelfart,Women,70-74,1269
2035,Middelfart,Women,75-79,1204
2036,Middelfart,Women,80-84,902
2037,Middelfart,Women,85-89,488
2038,Middelfart,Women,90-94,179
2039,Morsø,Men,100+,20
2040,Morsø,Men,15-19,605
2041,Morsø,Men,20-24,416
2042,Morsø,Men,25-29,379
2043,Morsø,Men,30-34,473
2044,Morsø,Men,35-39,451
2045,Morsø,Men,40-44,407
2046,Morsø,Men,45-49,481
2047,Morsø,Men,50-54,595
2048,Morsø,Men,55-59,692
2049,Morsø,Men,60-64,771
2050,Morsø,Men,65-69,709
2051,Morsø,Men,70-74,638
2052,Morsø,Men,75-79,615
2053,Morsø,Men,80-84,407
2054,Morsø,Men,85-89,199
2055,Morsø,Men,90-94,79
2056,Morsø,Women,100+,39
2057,Morsø,Women,15-19,536
2058,Morsø,Women,20-24,339
2059,Morsø,Women,25-29,338
2060,Morsø,Women,30-34,402
2061,Morsø,Women,35-39,413
2062,Morsø,Women,40-44,420
2063,Morsø,Women,45-49,435
2064,Morsø,Women,50-54,576
2065,Morsø,Women,55-59,644
2066,Morsø,Women,60-64,746
2067,Morsø,Women,65-69,697
2068,Morsø,Women,70-74,637
2069,Morsø,Women,75-79,631
2070,Morsø,Women,80-84,433
2071,Morsø,Women,85-89,284
2072,Morsø,Women,90-94,116
2073,Norddjurs,Men,100+,16
2074,Norddjurs,Men,15-19,958
2075,Norddjurs,Men,20-24,861
2076,Norddjurs,Men,25-29,782
2077,Norddjurs,Men,30-34,881
2078,Norddjurs,Men,35-39,858
2079,Norddjurs,Men,40-44,782
2080,Norddjurs,Men,45-49,928
2081,Norddjurs,Men,50-54,1058
2082,Norddjurs,Men,55-59,1318
2083,Norddjurs,Men,60-64,1457
2084,Norddjurs,Men,65-69,1302
2085,Norddjurs,Men,70-74,1241
2086,Norddjurs,Men,75-79,1100
2087,Norddjurs,Men,80-84,695
2088,Norddjurs,Men,85-89,334
2089,Norddjurs,Men,90-94,105
2090,Norddjurs,Women,100+,60
2091,Norddjurs,Women,15-19,863
2092,Norddjurs,Women,20-24,605
2093,Norddjurs,Women,25-29,603
2094,Norddjurs,Women,30-34,800
2095,Norddjurs,Women,35-39,786
2096,Norddjurs,Women,40-44,719
2097,Norddjurs,Women,45-49,850
2098,Norddjurs,Women,50-54,1103
2099,Norddjurs,Women,55-59,1276
2100,Norddjurs,Women,60-64,1375
2101,Norddjurs,Women,65-69,1326
2102,Norddjurs,Women,70-74,1251
2103,Norddjurs,Women,75-79,1092
2104,Norddjurs,Women,80-84,835
2105,Norddjurs,Women,85-89,476
2106,Norddjurs,Women,90-94,184
2107,Nordfyns,Men,100+,15
2108,Nordfyns,Men,15-19,855
2109,Nordfyns,Men,20-24,512
2110,Nordfyns,Men,25-29,477
2111,Nordfyns,Men,30-34,671
2112,Nordfyns,Men,35-39,692
2113,Nordfyns,Men,40-44,652
2114,Nordfyns,Men,45-49,812
2115,Nordfyns,Men,50-54,1005
2116,Nordfyns,Men,55-59,1156
2117,Nordfyns,Men,60-64,1036
2118,Nordfyns,Men,65-69,1003
2119,Nordfyns,Men,70-74,858
2120,Nordfyns,Men,75-79,781
2121,Nordfyns,Men,80-84,574
2122,Nordfyns,Men,85-89,238
2123,Nordfyns,Men,90-94,82
2124,Nordfyns,Women,100+,37
2125,Nordfyns,Women,15-19,773
2126,Nordfyns,Women,20-24,423
2127,Nordfyns,Women,25-29,419
2128,Nordfyns,Women,30-34,657
2129,Nordfyns,Women,35-39,643
2130,Nordfyns,Women,40-44,658
2131,Nordfyns,Women,45-49,835
2132,Nordfyns,Women,50-54,942
2133,Nordfyns,Women,55-59,1073
2134,Nordfyns,Women,60-64,1054
2135,Nordfyns,Women,65-69,981
2136,Nordfyns,Women,70-74,853
2137,Nordfyns,Women,75-79,809
2138,Nordfyns,Women,80-84,673
2139,Nordfyns,Women,85-89,325
2140,Nordfyns,Women,90-94,161
2141,Nyborg,Men,100+,17
2142,Nyborg,Men,15-19,967
2143,Nyborg,Men,20-24,683
2144,Nyborg,Men,25-29,584
2145,Nyborg,Men,30-34,821
2146,Nyborg,Men,35-39,741
2147,Nyborg,Men,40-44,764
2148,Nyborg,Men,45-49,889
2149,Nyborg,Men,50-54,1036
2150,Nyborg,Men,55-59,1131
2151,Nyborg,Men,60-64,1215
2152,Nyborg,Men,65-69,1049
2153,Nyborg,Men,70-74,962
2154,Nyborg,Men,75-79,873
2155,Nyborg,Men,80-84,610
2156,Nyborg,Men,85-89,301
2157,Nyborg,Men,90-94,78
2158,Nyborg,Women,100+,57
2159,Nyborg,Women,15-19,886
2160,Nyborg,Women,20-24,597
2161,Nyborg,Women,25-29,583
2162,Nyborg,Women,30-34,785
2163,Nyborg,Women,35-39,767
2164,Nyborg,Women,40-44,722
2165,Nyborg,Women,45-49,914
2166,Nyborg,Women,50-54,1099
2167,Nyborg,Women,55-59,1140
2168,Nyborg,Women,60-64,1198
2169,Nyborg,Women,65-69,1102
2170,Nyborg,Women,70-74,992
2171,Nyborg,Women,75-79,998
2172,Nyborg,Women,80-84,783
2173,Nyborg,Women,85-89,408
2174,Nyborg,Women,90-94,167
2175,Næstved,Men,100+,35
2176,Næstved,Men,15-19,2495
2177,Næstved,Men,20-24,2192
2178,Næstved,Men,25-29,2154
2179,Næstved,Men,30-34,2244
2180,Næstved,Men,35-39,2211
2181,Næstved,Men,40-44,1933
2182,Næstved,Men,45-49,2298
2183,Næstved,Men,50-54,2841
2184,Næstved,Men,55-59,2914
2185,Næstved,Men,60-64,2832
2186,Næstved,Men,65-69,2428
2187,Næstved,Men,70-74,2245
2188,Næstved,Men,75-79,2041
2189,Næstved,Men,80-84,1386
2190,Næstved,Men,85-89,655
2191,Næstved,Men,90-94,200
2192,Næstved,Women,100+,89
2193,Næstved,Women,15-19,2391
2194,Næstved,Women,20-24,1955
2195,Næstved,Women,25-29,1868
2196,Næstved,Women,30-34,2212
2197,Næstved,Women,35-39,2094
2198,Næstved,Women,40-44,1995
2199,Næstved,Women,45-49,2285
2200,Næstved,Women,50-54,2813
2201,Næstved,Women,55-59,2959
2202,Næstved,Women,60-64,2891
2203,Næstved,Women,65-69,2624
2204,Næstved,Women,70-74,2459
2205,Næstved,Women,75-79,2372
2206,Næstved,Women,80-84,1801
2207,Næstved,Women,85-89,924
2208,Næstved,Women,90-94,355
2209,Odder,Men,100+,11
2210,Odder,Men,15-19,747
2211,Odder,Men,20-24,520
2212,Odder,Men,25-29,322
2213,Odder,Men,30-34,566
2214,Odder,Men,35-39,645
2215,Odder,Men,40-44,581
2216,Odder,Men,45-49,601
2217,Odder,Men,50-54,765
2218,Odder,Men,55-59,760
2219,Odder,Men,60-64,881
2220,Odder,Men,65-69,755
2221,Odder,Men,70-74,715
2222,Odder,Men,75-79,689
2223,Odder,Men,80-84,404
2224,Odder,Men,85-89,211
2225,Odder,Men,90-94,72
2226,Odder,Women,100+,35
2227,Odder,Women,15-19,659
2228,Odder,Women,20-24,423
2229,Odder,Women,25-29,307
2230,Odder,Women,30-34,608
2231,Odder,Women,35-39,651
2232,Odder,Women,40-44,564
2233,Odder,Women,45-49,669
2234,Odder,Women,50-54,764
2235,Odder,Women,55-59,877
2236,Odder,Women,60-64,875
2237,Odder,Women,65-69,852
2238,Odder,Women,70-74,740
2239,Odder,Women,75-79,745
2240,Odder,Women,80-84,506
2241,Odder,Women,85-89,296
2242,Odder,Women,90-94,135
2243,Odense,Men,100+,75
2244,Odense,Men,15-19,5455
2245,Odense,Men,20-24,8546
2246,Odense,Men,25-29,9594
2247,Odense,Men,30-34,7529
2248,Odense,Men,35-39,5525
2249,Odense,Men,40-44,4457
2250,Odense,Men,45-49,4997
2251,Odense,Men,50-54,5674
2252,Odense,Men,55-59,5487
2253,Odense,Men,60-64,5498
2254,Odense,Men,65-69,4570
2255,Odense,Men,70-74,3958
2256,Odense,Men,75-79,3614
2257,Odense,Men,80-84,2653
2258,Odense,Men,85-89,1278
2259,Odense,Men,90-94,406
2260,Odense,Women,100+,232
2261,Odense,Women,15-19,5404
2262,Odense,Women,20-24,9114
2263,Odense,Women,25-29,9176
2264,Odense,Women,30-34,6873
2265,Odense,Women,35-39,5231
2266,Odense,Women,40-44,4381
2267,Odense,Women,45-49,4988
2268,Odense,Women,50-54,5820
2269,Odense,Women,55-59,5708
2270,Odense,Women,60-64,5650
2271,Odense,Women,65-69,4994
2272,Odense,Women,70-74,4543
2273,Odense,Women,75-79,4566
2274,Odense,Women,80-84,3477
2275,Odense,Women,85-89,1940
2276,Odense,Women,90-94,818
2277,Odsherred,Men,100+,21
2278,Odsherred,Men,15-19,774
2279,Odsherred,Men,20-24,600
2280,Odsherred,Men,25-29,538
2281,Odsherred,Men,30-34,682
2282,Odsherred,Men,35-39,636
2283,Odsherred,Men,40-44,650
2284,Odsherred,Men,45-49,772
2285,Odsherred,Men,50-54,1011
2286,Odsherred,Men,55-59,1168
2287,Odsherred,Men,60-64,1282
2288,Odsherred,Men,65-69,1289
2289,Odsherred,Men,70-74,1310
2290,Odsherred,Men,75-79,1261
2291,Odsherred,Men,80-84,801
2292,Odsherred,Men,85-89,392
2293,Odsherred,Men,90-94,95
2294,Odsherred,Women,100+,50
2295,Odsherred,Women,15-19,719
2296,Odsherred,Women,20-24,507
2297,Odsherred,Women,25-29,426
2298,Odsherred,Women,30-34,613
2299,Odsherred,Women,35-39,595
2300,Odsherred,Women,40-44,598
2301,Odsherred,Women,45-49,749
2302,Odsherred,Women,50-54,1011
2303,Odsherred,Women,55-59,1118
2304,Odsherred,Women,60-64,1361
2305,Odsherred,Women,65-69,1385
2306,Odsherred,Women,70-74,1348
2307,Odsherred,Women,75-79,1326
2308,Odsherred,Women,80-84,923
2309,Odsherred,Women,85-89,448
2310,Odsherred,Women,90-94,196
2311,Randers,Men,100+,40
2312,Randers,Men,15-19,2824
2313,Randers,Men,20-24,2518
2314,Randers,Men,25-29,2526
2315,Randers,Men,30-34,3045
2316,Randers,Men,35-39,2735
2317,Randers,Men,40-44,2466
2318,Randers,Men,45-49,2816
2319,Randers,Men,50-54,3335
2320,Randers,Men,55-59,3377
2321,Randers,Men,60-64,3213
2322,Randers,Men,65-69,2608
2323,Randers,Men,70-74,2341
2324,Randers,Men,75-79,2304
2325,Randers,Men,80-84,1627
2326,Randers,Men,85-89,721
2327,Randers,Men,90-94,233
2328,Randers,Women,100+,124
2329,Randers,Women,15-19,2831
2330,Randers,Women,20-24,2376
2331,Randers,Women,25-29,2388
2332,Randers,Women,30-34,2938
2333,Randers,Women,35-39,2511
2334,Randers,Women,40-44,2387
2335,Randers,Women,45-49,2747
2336,Randers,Women,50-54,3266
2337,Randers,Women,55-59,3247
2338,Randers,Women,60-64,3229
2339,Randers,Women,65-69,2718
2340,Randers,Women,70-74,2583
2341,Randers,Women,75-79,2541
2342,Randers,Women,80-84,1974
2343,Randers,Women,85-89,1064
2344,Randers,Women,90-94,407
2345,Rebild,Men,100+,13
2346,Rebild,Men,15-19,1010
2347,Rebild,Men,20-24,591
2348,Rebild,Men,25-29,522
2349,Rebild,Men,30-34,892
2350,Rebild,Men,35-39,1003
2351,Rebild,Men,40-44,892
2352,Rebild,Men,45-49,895
2353,Rebild,Men,50-54,1060
2354,Rebild,Men,55-59,978
2355,Rebild,Men,60-64,1052
2356,Rebild,Men,65-69,886
2357,Rebild,Men,70-74,757
2358,Rebild,Men,75-79,717
2359,Rebild,Men,80-84,492
2360,Rebild,Men,85-89,213
2361,Rebild,Men,90-94,75
2362,Rebild,Women,100+,40
2363,Rebild,Women,15-19,902
2364,Rebild,Women,20-24,437
2365,Rebild,Women,25-29,501
2366,Rebild,Women,30-34,965
2367,Rebild,Women,35-39,969
2368,Rebild,Women,40-44,831
2369,Rebild,Women,45-49,900
2370,Rebild,Women,50-54,951
2371,Rebild,Women,55-59,969
2372,Rebild,Women,60-64,1003
2373,Rebild,Women,65-69,855
2374,Rebild,Women,70-74,772
2375,Rebild,Women,75-79,738
2376,Rebild,Women,80-84,519
2377,Rebild,Women,85-89,312
2378,Rebild,Women,90-94,125
2379,Ringkøbing-Skjern,Men,100+,35
2380,Ringkøbing-Skjern,Men,15-19,1705
2381,Ringkøbing-Skjern,Men,20-24,1252
2382,Ringkøbing-Skjern,Men,25-29,1018
2383,Ringkøbing-Skjern,Men,30-34,1214
2384,Ringkøbing-Skjern,Men,35-39,1144
2385,Ringkøbing-Skjern,Men,40-44,1128
2386,Ringkøbing-Skjern,Men,45-49,1402
2387,Ringkøbing-Skjern,Men,50-54,1676
2388,Ringkøbing-Skjern,Men,55-59,1875
2389,Ringkøbing-Skjern,Men,60-64,1998
2390,Ringkøbing-Skjern,Men,65-69,1747
2391,Ringkøbing-Skjern,Men,70-74,1616
2392,Ringkøbing-Skjern,Men,75-79,1457
2393,Ringkøbing-Skjern,Men,80-84,1022
2394,Ringkøbing-Skjern,Men,85-89,519
2395,Ringkøbing-Skjern,Men,90-94,180
2396,Ringkøbing-Skjern,Women,100+,84
2397,Ringkøbing-Skjern,Women,15-19,1662
2398,Ringkøbing-Skjern,Women,20-24,1075
2399,Ringkøbing-Skjern,Women,25-29,799
2400,Ringkøbing-Skjern,Women,30-34,1122
2401,Ringkøbing-Skjern,Women,35-39,1030
2402,Ringkøbing-Skjern,Women,40-44,1064
2403,Ringkøbing-Skjern,Women,45-49,1429
2404,Ringkøbing-Skjern,Women,50-54,1652
2405,Ringkøbing-Skjern,Women,55-59,1766
2406,Ringkøbing-Skjern,Women,60-64,1863
2407,Ringkøbing-Skjern,Women,65-69,1762
2408,Ringkøbing-Skjern,Women,70-74,1549
2409,Ringkøbing-Skjern,Women,75-79,1487
2410,Ringkøbing-Skjern,Women,80-84,1130
2411,Ringkøbing-Skjern,Women,85-89,666
2412,Ringkøbing-Skjern,Women,90-94,307
2413,Ringsted,Men,100+,15
2414,Ringsted,Men,15-19,1005
2415,Ringsted,Men,20-24,866
2416,Ringsted,Men,25-29,833
2417,Ringsted,Men,30-34,938
2418,Ringsted,Men,35-39,977
2419,Ringsted,Men,40-44,802
2420,Ringsted,Men,45-49,1044
2421,Ringsted,Men,50-54,1167
2422,Ringsted,Men,55-59,1268
2423,Ringsted,Men,60-64,1116
2424,Ringsted,Men,65-69,940
2425,Ringsted,Men,70-74,732
2426,Ringsted,Men,75-79,693
2427,Ringsted,Men,80-84,476
2428,Ringsted,Men,85-89,220
2429,Ringsted,Men,90-94,72
2430,Ringsted,Women,100+,34
2431,Ringsted,Women,15-19,979
2432,Ringsted,Women,20-24,748
2433,Ringsted,Women,25-29,753
2434,Ringsted,Women,30-34,927
2435,Ringsted,Women,35-39,924
2436,Ringsted,Women,40-44,766
2437,Ringsted,Women,45-49,1033
2438,Ringsted,Women,50-54,1154
2439,Ringsted,Women,55-59,1298
2440,Ringsted,Women,60-64,1132
2441,Ringsted,Women,65-69,950
2442,Ringsted,Women,70-74,842
2443,Ringsted,Women,75-79,819
2444,Ringsted,Women,80-84,594
2445,Ringsted,Women,85-89,318
2446,Ringsted,Women,90-94,118
2447,Roskilde,Men,100+,35
2448,Roskilde,Men,15-19,2954
2449,Roskilde,Men,20-24,2607
2450,Roskilde,Men,25-29,2127
2451,Roskilde,Men,30-34,2429
2452,Roskilde,Men,35-39,2222
2453,Roskilde,Men,40-44,2231
2454,Roskilde,Men,45-49,2428
2455,Roskilde,Men,50-54,3050
2456,Roskilde,Men,55-59,3151
2457,Roskilde,Men,60-64,2923
2458,Roskilde,Men,65-69,2250
2459,Roskilde,Men,70-74,1910
2460,Roskilde,Men,75-79,1890
2461,Roskilde,Men,80-84,1403
2462,Roskilde,Men,85-89,669
2463,Roskilde,Men,90-94,202
2464,Roskilde,Women,100+,100
2465,Roskilde,Women,15-19,2830
2466,Roskilde,Women,20-24,2496
2467,Roskilde,Women,25-29,1958
2468,Roskilde,Women,30-34,2340
2469,Roskilde,Women,35-39,2239
2470,Roskilde,Women,40-44,2291
2471,Roskilde,Women,45-49,2591
2472,Roskilde,Women,50-54,3299
2473,Roskilde,Women,55-59,3318
2474,Roskilde,Women,60-64,3079
2475,Roskilde,Women,65-69,2463
2476,Roskilde,Women,70-74,2226
2477,Roskilde,Women,75-79,2321
2478,Roskilde,Women,80-84,1833
2479,Roskilde,Women,85-89,998
2480,Roskilde,Women,90-94,393
2481,Rudersdal,Men,100+,58
2482,Rudersdal,Men,15-19,2006
2483,Rudersdal,Men,20-24,1363
2484,Rudersdal,Men,25-29,740
2485,Rudersdal,Men,30-34,904
2486,Rudersdal,Men,35-39,1267
2487,Rudersdal,Men,40-44,1299
2488,Rudersdal,Men,45-49,1523
2489,Rudersdal,Men,50-54,1841
2490,Rudersdal,Men,55-59,1896
2491,Rudersdal,Men,60-64,1812
2492,Rudersdal,Men,65-69,1587
2493,Rudersdal,Men,70-74,1271
2494,Rudersdal,Men,75-79,1264
2495,Rudersdal,Men,80-84,1047
2496,Rudersdal,Men,85-89,548
2497,Rudersdal,Men,90-94,221
2498,Rudersdal,Women,100+,143
2499,Rudersdal,Women,15-19,1883
2500,Rudersdal,Women,20-24,972
2501,Rudersdal,Women,25-29,562
2502,Rudersdal,Women,30-34,927
2503,Rudersdal,Women,35-39,1392
2504,Rudersdal,Women,40-44,1357
2505,Rudersdal,Women,45-49,1604
2506,Rudersdal,Women,50-54,1928
2507,Rudersdal,Women,55-59,2033
2508,Rudersdal,Women,60-64,1886
2509,Rudersdal,Women,65-69,1527
2510,Rudersdal,Women,70-74,1392
2511,Rudersdal,Women,75-79,1556
2512,Rudersdal,Women,80-84,1423
2513,Rudersdal,Women,85-89,885
2514,Rudersdal,Women,90-94,428
2515,Rødovre,Men,100+,14
2516,Rødovre,Men,15-19,1256
2517,Rødovre,Men,20-24,1044
2518,Rødovre,Men,25-29,1014
2519,Rødovre,Men,30-34,1212
2520,Rødovre,Men,35-39,1166
2521,Rødovre,Men,40-44,1123
2522,Rødovre,Men,45-49,1208
2523,Rødovre,Men,50-54,1201
2524,Rødovre,Men,55-59,1098
2525,Rødovre,Men,60-64,1209
2526,Rødovre,Men,65-69,1015
2527,Rødovre,Men,70-74,776
2528,Rødovre,Men,75-79,707
2529,Rødovre,Men,80-84,500
2530,Rødovre,Men,85-89,234
2531,Rødovre,Men,90-94,89
2532,Rødovre,Women,100+,52
2533,Rødovre,Women,15-19,1134
2534,Rødovre,Women,20-24,944
2535,Rødovre,Women,25-29,1006
2536,Rødovre,Women,30-34,1213
2537,Rødovre,Women,35-39,1199
2538,Rødovre,Women,40-44,1139
2539,Rødovre,Women,45-49,1189
2540,Rødovre,Women,50-54,1169
2541,Rødovre,Women,55-59,1189
2542,Rødovre,Women,60-64,1264
2543,Rødovre,Women,65-69,1137
2544,Rødovre,Women,70-74,951
2545,Rødovre,Women,75-79,845
2546,Rødovre,Women,80-84,715
2547,Rødovre,Women,85-89,475
2548,Rødovre,Women,90-94,232
2549,Samsø,Men,100+,5
2550,Samsø,Men,15-19,57
2551,Samsø,Men,20-24,47
2552,Samsø,Men,25-29,46
2553,Samsø,Men,30-34,45
2554,Samsø,Men,35-39,58
2555,Samsø,Men,40-44,56
2556,Samsø,Men,45-49,68
2557,Samsø,Men,50-54,100
2558,Samsø,Men,55-59,138
2559,Samsø,Men,60-64,168
2560,Samsø,Men,65-69,185
2561,Samsø,Men,70-74,147
2562,Samsø,Men,75-79,140
2563,Samsø,Men,80-84,100
2564,Samsø,Men,85-89,37
2565,Samsø,Men,90-94,12
2566,Samsø,Women,100+,6
2567,Samsø,Women,15-19,49
2568,Samsø,Women,20-24,26
2569,Samsø,Women,25-29,30
2570,Samsø,Women,30-34,54
2571,Samsø,Women,35-39,50
2572,Samsø,Women,40-44,58
2573,Samsø,Women,45-49,84
2574,Samsø,Women,50-54,112
2575,Samsø,Women,55-59,144
2576,Samsø,Women,60-64,161
2577,Samsø,Women,65-69,187
2578,Samsø,Women,70-74,171
2579,Samsø,Women,75-79,143
2580,Samsø,Women,80-84,116
2581,Samsø,Women,85-89,67
2582,Samsø,Women,90-94,34
2583,Silkeborg,Men,100+,36
2584,Silkeborg,Men,15-19,3093
2585,Silkeborg,Men,20-24,2295
2586,Silkeborg,Men,25-29,2100
2587,Silkeborg,Men,30-34,3171
2588,Silkeborg,Men,35-39,3201
2589,Silkeborg,Men,40-44,2469
2590,Silkeborg,Men,45-49,2702
2591,Silkeborg,Men,50-54,3340
2592,Silkeborg,Men,55-59,3239
2593,Silkeborg,Men,60-64,3141
2594,Silkeborg,Men,65-69,2721
2595,Silkeborg,Men,70-74,2421
2596,Silkeborg,Men,75-79,2281
2597,Silkeborg,Men,80-84,1513
2598,Silkeborg,Men,85-89,655
2599,Silkeborg,Men,90-94,216
2600,Silkeborg,Women,100+,97
2601,Silkeborg,Women,15-19,2907
2602,Silkeborg,Women,20-24,2095
2603,Silkeborg,Women,25-29,2024
2604,Silkeborg,Women,30-34,3294
2605,Silkeborg,Women,35-39,2988
2606,Silkeborg,Women,40-44,2408
2607,Silkeborg,Women,45-49,2883
2608,Silkeborg,Women,50-54,3369
2609,Silkeborg,Women,55-59,3264
2610,Silkeborg,Women,60-64,3168
2611,Silkeborg,Women,65-69,2814
2612,Silkeborg,Women,70-74,2641
2613,Silkeborg,Women,75-79,2516
2614,Silkeborg,Women,80-84,1694
2615,Silkeborg,Women,85-89,947
2616,Silkeborg,Women,90-94,383
2617,Skanderborg,Men,100+,21
2618,Skanderborg,Men,15-19,2162
2619,Skanderborg,Men,20-24,1318
2620,Skanderborg,Men,25-29,876
2621,Skanderborg,Men,30-34,1648
2622,Skanderborg,Men,35-39,2069
2623,Skanderborg,Men,40-44,1977
2624,Skanderborg,Men,45-49,2020
2625,Skanderborg,Men,50-54,2257
2626,Skanderborg,Men,55-59,2065
2627,Skanderborg,Men,60-64,2006
2628,Skanderborg,Men,65-69,1580
2629,Skanderborg,Men,70-74,1451
2630,Skanderborg,Men,75-79,1447
2631,Skanderborg,Men,80-84,919
2632,Skanderborg,Men,85-89,423
2633,Skanderborg,Men,90-94,135
2634,Skanderborg,Women,100+,44
2635,Skanderborg,Women,15-19,2053
2636,Skanderborg,Women,20-24,1089
2637,Skanderborg,Women,25-29,826
2638,Skanderborg,Women,30-34,1842
2639,Skanderborg,Women,35-39,2168
2640,Skanderborg,Women,40-44,2043
2641,Skanderborg,Women,45-49,2074
2642,Skanderborg,Women,50-54,2325
2643,Skanderborg,Women,55-59,2100
2644,Skanderborg,Women,60-64,1966
2645,Skanderborg,Women,65-69,1675
2646,Skanderborg,Women,70-74,1595
2647,Skanderborg,Women,75-79,1579
2648,Skanderborg,Women,80-84,1138
2649,Skanderborg,Women,85-89,557
2650,Skanderborg,Women,90-94,193
2651,Skive,Men,100+,25
2652,Skive,Men,15-19,1273
2653,Skive,Men,20-24,1091
2654,Skive,Men,25-29,915
2655,Skive,Men,30-34,1102
2656,Skive,Men,35-39,1050
2657,Skive,Men,40-44,980
2658,Skive,Men,45-49,1251
2659,Skive,Men,50-54,1411
2660,Skive,Men,55-59,1513
2661,Skive,Men,60-64,1660
2662,Skive,Men,65-69,1521
2663,Skive,Men,70-74,1466
2664,Skive,Men,75-79,1247
2665,Skive,Men,80-84,858
2666,Skive,Men,85-89,429
2667,Skive,Men,90-94,167
2668,Skive,Women,100+,62
2669,Skive,Women,15-19,1283
2670,Skive,Women,20-24,868
2671,Skive,Women,25-29,747
2672,Skive,Women,30-34,941
2673,Skive,Women,35-39,961
2674,Skive,Women,40-44,915
2675,Skive,Women,45-49,1117
2676,Skive,Women,50-54,1373
2677,Skive,Women,55-59,1539
2678,Skive,Women,60-64,1589
2679,Skive,Women,65-69,1564
2680,Skive,Women,70-74,1437
2681,Skive,Women,75-79,1252
2682,Skive,Women,80-84,1031
2683,Skive,Women,85-89,562
2684,Skive,Women,90-94,209
2685,Slagelse,Men,100+,37
2686,Slagelse,Men,15-19,2230
2687,Slagelse,Men,20-24,2221
2688,Slagelse,Men,25-29,2203
2689,Slagelse,Men,30-34,2437
2690,Slagelse,Men,35-39,1995
2691,Slagelse,Men,40-44,1740
2692,Slagelse,Men,45-49,2062
2693,Slagelse,Men,50-54,2471
2694,Slagelse,Men,55-59,2587
2695,Slagelse,Men,60-64,2849
2696,Slagelse,Men,65-69,2355
2697,Slagelse,Men,70-74,2044
2698,Slagelse,Men,75-79,1910
2699,Slagelse,Men,80-84,1401
2700,Slagelse,Men,85-89,602
2701,Slagelse,Men,90-94,180
2702,Slagelse,Women,100+,99
2703,Slagelse,Women,15-19,2035
2704,Slagelse,Women,20-24,1979
2705,Slagelse,Women,25-29,2053
2706,Slagelse,Women,30-34,2247
2707,Slagelse,Women,35-39,1885
2708,Slagelse,Women,40-44,1745
2709,Slagelse,Women,45-49,2086
2710,Slagelse,Women,50-54,2491
2711,Slagelse,Women,55-59,2737
2712,Slagelse,Women,60-64,2778
2713,Slagelse,Women,65-69,2455
2714,Slagelse,Women,70-74,2212
2715,Slagelse,Women,75-79,2158
2716,Slagelse,Women,80-84,1697
2717,Slagelse,Women,85-89,913
2718,Slagelse,Women,90-94,344
2719,Solrød,Men,100+,9
2720,Solrød,Men,15-19,779
2721,Solrød,Men,20-24,517
2722,Solrød,Men,25-29,447
2723,Solrød,Men,30-34,600
2724,Solrød,Men,35-39,678
2725,Solrød,Men,40-44,626
2726,Solrød,Men,45-49,759
2727,Solrød,Men,50-54,844
2728,Solrød,Men,55-59,819
2729,Solrød,Men,60-64,750
2730,Solrød,Men,65-69,535
2731,Solrød,Men,70-74,496
2732,Solrød,Men,75-79,554
2733,Solrød,Men,80-84,420
2734,Solrød,Men,85-89,191
2735,Solrød,Men,90-94,43
2736,Solrød,Women,100+,11
2737,Solrød,Women,15-19,751
2738,Solrød,Women,20-24,457
2739,Solrød,Women,25-29,401
2740,Solrød,Women,30-34,670
2741,Solrød,Women,35-39,734
2742,Solrød,Women,40-44,676
2743,Solrød,Women,45-49,755
2744,Solrød,Women,50-54,863
2745,Solrød,Women,55-59,843
2746,Solrød,Women,60-64,727
2747,Solrød,Women,65-69,581
2748,Solrød,Women,70-74,519
2749,Solrød,Women,75-79,705
2750,Solrød,Women,80-84,525
2751,Solrød,Women,85-89,247
2752,Solrød,Women,90-94,71
2753,Sorø,Men,100+,14
2754,Sorø,Men,15-19,933
2755,Sorø,Men,20-24,638
2756,Sorø,Men,25-29,586
2757,Sorø,Men,30-34,781
2758,Sorø,Men,35-39,796
2759,Sorø,Men,40-44,788
2760,Sorø,Men,45-49,862
2761,Sorø,Men,50-54,1014
2762,Sorø,Men,55-59,1165
2763,Sorø,Men,60-64,1135
2764,Sorø,Men,65-69,934
2765,Sorø,Men,70-74,792
2766,Sorø,Men,75-79,726
2767,Sorø,Men,80-84,504
2768,Sorø,Men,85-89,247
2769,Sorø,Men,90-94,60
2770,Sorø,Women,100+,43
2771,Sorø,Women,15-19,852
2772,Sorø,Women,20-24,500
2773,Sorø,Women,25-29,515
2774,Sorø,Women,30-34,827
2775,Sorø,Women,35-39,809
2776,Sorø,Women,40-44,767
2777,Sorø,Women,45-49,912
2778,Sorø,Women,50-54,1029
2779,Sorø,Women,55-59,1098
2780,Sorø,Women,60-64,1165
2781,Sorø,Women,65-69,998
2782,Sorø,Women,70-74,873
2783,Sorø,Women,75-79,844
2784,Sorø,Women,80-84,656
2785,Sorø,Women,85-89,335
2786,Sorø,Women,90-94,125
2787,Stevns,Men,100+,8
2788,Stevns,Men,15-19,662
2789,Stevns,Men,20-24,441
2790,Stevns,Men,25-29,347
2791,Stevns,Men,30-34,513
2792,Stevns,Men,35-39,564
2793,Stevns,Men,40-44,537
2794,Stevns,Men,45-49,671
2795,Stevns,Men,50-54,815
2796,Stevns,Men,55-59,868
2797,Stevns,Men,60-64,960
2798,Stevns,Men,65-69,870
2799,Stevns,Men,70-74,725
2800,Stevns,Men,75-79,707
2801,Stevns,Men,80-84,507
2802,Stevns,Men,85-89,216
2803,Stevns,Men,90-94,52
2804,Stevns,Women,100+,25
2805,Stevns,Women,15-19,572
2806,Stevns,Women,20-24,341
2807,Stevns,Women,25-29,305
2808,Stevns,Women,30-34,511
2809,Stevns,Women,35-39,568
2810,Stevns,Women,40-44,545
2811,Stevns,Women,45-49,671
2812,Stevns,Women,50-54,767
2813,Stevns,Women,55-59,869
2814,Stevns,Women,60-64,965
2815,Stevns,Women,65-69,829
2816,Stevns,Women,70-74,727
2817,Stevns,Women,75-79,768
2818,Stevns,Women,80-84,519
2819,Stevns,Women,85-89,269
2820,Stevns,Women,90-94,112
2821,Struer,Men,100+,13
2822,Struer,Men,15-19,560
2823,Struer,Men,20-24,414
2824,Struer,Men,25-29,340
2825,Struer,Men,30-34,411
2826,Struer,Men,35-39,413
2827,Struer,Men,40-44,389
2828,Struer,Men,45-49,518
2829,Struer,Men,50-54,648
2830,Struer,Men,55-59,723
2831,Struer,Men,60-64,756
2832,Struer,Men,65-69,684
2833,Struer,Men,70-74,715
2834,Struer,Men,75-79,640
2835,Struer,Men,80-84,450
2836,Struer,Men,85-89,208
2837,Struer,Men,90-94,64
2838,Struer,Women,100+,36
2839,Struer,Women,15-19,557
2840,Struer,Women,20-24,365
2841,Struer,Women,25-29,286
2842,Struer,Women,30-34,394
2843,Struer,Women,35-39,350
2844,Struer,Women,40-44,410
2845,Struer,Women,45-49,509
2846,Struer,Women,50-54,635
2847,Struer,Women,55-59,700
2848,Struer,Women,60-64,722
2849,Struer,Women,65-69,731
2850,Struer,Women,70-74,717
2851,Struer,Women,75-79,686
2852,Struer,Women,80-84,516
2853,Struer,Women,85-89,261
2854,Struer,Women,90-94,105
2855,Svendborg,Men,100+,27
2856,Svendborg,Men,15-19,1847
2857,Svendborg,Men,20-24,1468
2858,Svendborg,Men,25-29,1174
2859,Svendborg,Men,30-34,1496
2860,Svendborg,Men,35-39,1584
2861,Svendborg,Men,40-44,1555
2862,Svendborg,Men,45-49,1674
2863,Svendborg,Men,50-54,1761
2864,Svendborg,Men,55-59,1855
2865,Svendborg,Men,60-64,1949
2866,Svendborg,Men,65-69,1917
2867,Svendborg,Men,70-74,1860
2868,Svendborg,Men,75-79,1556
2869,Svendborg,Men,80-84,1097
2870,Svendborg,Men,85-89,491
2871,Svendborg,Men,90-94,171
2872,Svendborg,Women,100+,88
2873,Svendborg,Women,15-19,1669
2874,Svendborg,Women,20-24,1096
2875,Svendborg,Women,25-29,1031
2876,Svendborg,Women,30-34,1476
2877,Svendborg,Women,35-39,1578
2878,Svendborg,Women,40-44,1525
2879,Svendborg,Women,45-49,1643
2880,Svendborg,Women,50-54,1847
2881,Svendborg,Women,55-59,1926
2882,Svendborg,Women,60-64,2080
2883,Svendborg,Women,65-69,2165
2884,Svendborg,Women,70-74,1933
2885,Svendborg,Women,75-79,1750
2886,Svendborg,Women,80-84,1266
2887,Svendborg,Women,85-89,749
2888,Svendborg,Women,90-94,304
2889,Syddjurs,Men,100+,25
2890,Syddjurs,Men,15-19,1286
2891,Syddjurs,Men,20-24,796
2892,Syddjurs,Men,25-29,666
2893,Syddjurs,Men,30-34,988
2894,Syddjurs,Men,35-39,1103
2895,Syddjurs,Men,40-44,1032
2896,Syddjurs,Men,45-49,1184
2897,Syddjurs,Men,50-54,1416
2898,Syddjurs,Men,55-59,1472
2899,Syddjurs,Men,60-64,1622
2900,Syddjurs,Men,65-69,1495
2901,Syddjurs,Men,70-74,1424
2902,Syddjurs,Men,75-79,1292
2903,Syddjurs,Men,80-84,936
2904,Syddjurs,Men,85-89,441
2905,Syddjurs,Men,90-94,115
2906,Syddjurs,Women,100+,45
2907,Syddjurs,Women,15-19,1166
2908,Syddjurs,Women,20-24,631
2909,Syddjurs,Women,25-29,605
2910,Syddjurs,Women,30-34,1032
2911,Syddjurs,Women,35-39,1144
2912,Syddjurs,Women,40-44,1077
2913,Syddjurs,Women,45-49,1151
2914,Syddjurs,Women,50-54,1393
2915,Syddjurs,Women,55-59,1534
2916,Syddjurs,Women,60-64,1683
2917,Syddjurs,Women,65-69,1558
2918,Syddjurs,Women,70-74,1441
2919,Syddjurs,Women,75-79,1363
2920,Syddjurs,Women,80-84,1002
2921,Syddjurs,Women,85-89,517
2922,Syddjurs,Women,90-94,178
2923,Sønderborg,Men,100+,40
2924,Sønderborg,Men,15-19,2001
2925,Sønderborg,Men,20-24,1517
2926,Sønderborg,Men,25-29,1377
2927,Sønderborg,Men,30-34,1668
2928,Sønderborg,Men,35-39,1557
2929,Sønderborg,Men,40-44,1540
2930,Sønderborg,Men,45-49,1746
2931,Sønderborg,Men,50-54,2150
2932,Sønderborg,Men,55-59,2512
2933,Sønderborg,Men,60-64,2569
2934,Sønderborg,Men,65-69,2228
2935,Sønderborg,Men,70-74,1902
2936,Sønderborg,Men,75-79,1830
2937,Sønderborg,Men,80-84,1456
2938,Sønderborg,Men,85-89,757
2939,Sønderborg,Men,90-94,235
2940,Sønderborg,Women,100+,109
2941,Sønderborg,Women,15-19,1835
2942,Sønderborg,Women,20-24,1204
2943,Sønderborg,Women,25-29,1079
2944,Sønderborg,Women,30-34,1457
2945,Sønderborg,Women,35-39,1518
2946,Sønderborg,Women,40-44,1479
2947,Sønderborg,Women,45-49,1723
2948,Sønderborg,Women,50-54,2159
2949,Sønderborg,Women,55-59,2493
2950,Sønderborg,Women,60-64,2511
2951,Sønderborg,Women,65-69,2239
2952,Sønderborg,Women,70-74,2071
2953,Sønderborg,Women,75-79,2088
2954,Sønderborg,Women,80-84,1870
2955,Sønderborg,Women,85-89,1103
2956,Sønderborg,Women,90-94,445
2957,Thisted,Men,100+,18
2958,Thisted,Men,15-19,1219
2959,Thisted,Men,20-24,983
2960,Thisted,Men,25-29,817
2961,Thisted,Men,30-34,1071
2962,Thisted,Men,35-39,1054
2963,Thisted,Men,40-44,905
2964,Thisted,Men,45-49,1100
2965,Thisted,Men,50-54,1187
2966,Thisted,Men,55-59,1399
2967,Thisted,Men,60-64,1502
2968,Thisted,Men,65-69,1498
2969,Thisted,Men,70-74,1428
2970,Thisted,Men,75-79,1196
2971,Thisted,Men,80-84,754
2972,Thisted,Men,85-89,364
2973,Thisted,Men,90-94,94
2974,Thisted,Women,100+,63
2975,Thisted,Women,15-19,1193
2976,Thisted,Women,20-24,798
2977,Thisted,Women,25-29,705
2978,Thisted,Women,30-34,971
2979,Thisted,Women,35-39,961
2980,Thisted,Women,40-44,889
2981,Thisted,Women,45-49,1044
2982,Thisted,Women,50-54,1214
2983,Thisted,Women,55-59,1380
2984,Thisted,Women,60-64,1487
2985,Thisted,Women,65-69,1481
2986,Thisted,Women,70-74,1309
2987,Thisted,Women,75-79,1201
2988,Thisted,Women,80-84,965
2989,Thisted,Women,85-89,511
2990,Thisted,Women,90-94,215
2991,Tårnby,Men,100+,11
2992,Tårnby,Men,15-19,1414
2993,Tårnby,Men,20-24,958
2994,Tårnby,Men,25-29,790
2995,Tårnby,Men,30-34,996
2996,Tårnby,Men,35-39,1278
2997,Tårnby,Men,40-44,1246
2998,Tårnby,Men,45-49,1417
2999,Tårnby,Men,50-54,1408
3000,Tårnby,Men,55-59,1287
3001,Tårnby,Men,60-64,1300
3002,Tårnby,Men,65-69,1108
3003,Tårnby,Men,70-74,904
3004,Tårnby,Men,75-79,829
3005,Tårnby,Men,80-84,577
3006,Tårnby,Men,85-89,235
3007,Tårnby,Men,90-94,98
3008,Tårnby,Women,100+,47
3009,Tårnby,Women,15-19,1354
3010,Tårnby,Women,20-24,885
3011,Tårnby,Women,25-29,686
3012,Tårnby,Women,30-34,1092
3013,Tårnby,Women,35-39,1227
3014,Tårnby,Women,40-44,1267
3015,Tårnby,Women,45-49,1406
3016,Tårnby,Women,50-54,1437
3017,Tårnby,Women,55-59,1305
3018,Tårnby,Women,60-64,1344
3019,Tårnby,Women,65-69,1140
3020,Tårnby,Women,70-74,1039
3021,Tårnby,Women,75-79,972
3022,Tårnby,Women,80-84,707
3023,Tårnby,Women,85-89,402
3024,Tårnby,Women,90-94,167
3025,Tønder,Men,100+,15
3026,Tønder,Men,15-19,949
3027,Tønder,Men,20-24,703
3028,Tønder,Men,25-29,611
3029,Tønder,Men,30-34,734
3030,Tønder,Men,35-39,784
3031,Tønder,Men,40-44,692
3032,Tønder,Men,45-49,755
3033,Tønder,Men,50-54,970
3034,Tønder,Men,55-59,1147
3035,Tønder,Men,60-64,1270
3036,Tønder,Men,65-69,1346
3037,Tønder,Men,70-74,1164
3038,Tønder,Men,75-79,994
3039,Tønder,Men,80-84,717
3040,Tønder,Men,85-89,325
3041,Tønder,Men,90-94,111
3042,Tønder,Women,100+,58
3043,Tønder,Women,15-19,905
3044,Tønder,Women,20-24,594
3045,Tønder,Women,25-29,519
3046,Tønder,Women,30-34,641
3047,Tønder,Women,35-39,720
3048,Tønder,Women,40-44,697
3049,Tønder,Women,45-49,785
3050,Tønder,Women,50-54,940
3051,Tønder,Women,55-59,1113
3052,Tønder,Women,60-64,1372
3053,Tønder,Women,65-69,1290
3054,Tønder,Women,70-74,1169
3055,Tønder,Women,75-79,1055
3056,Tønder,Women,80-84,776
3057,Tønder,Women,85-89,450
3058,Tønder,Women,90-94,188
3059,Vallensbæk,Men,100+,6
3060,Vallensbæk,Men,15-19,512
3061,Vallensbæk,Men,20-24,381
3062,Vallensbæk,Men,25-29,352
3063,Vallensbæk,Men,30-34,427
3064,Vallensbæk,Men,35-39,425
3065,Vallensbæk,Men,40-44,393
3066,Vallensbæk,Men,45-49,451
3067,Vallensbæk,Men,50-54,460
3068,Vallensbæk,Men,55-59,474
3069,Vallensbæk,Men,60-64,408
3070,Vallensbæk,Men,65-69,309
3071,Vallensbæk,Men,70-74,323
3072,Vallensbæk,Men,75-79,317
3073,Vallensbæk,Men,80-84,308
3074,Vallensbæk,Men,85-89,128
3075,Vallensbæk,Men,90-94,36
3076,Vallensbæk,Women,100+,10
3077,Vallensbæk,Women,15-19,488
3078,Vallensbæk,Women,20-24,364
3079,Vallensbæk,Women,25-29,324
3080,Vallensbæk,Women,30-34,419
3081,Vallensbæk,Women,35-39,437
3082,Vallensbæk,Women,40-44,400
3083,Vallensbæk,Women,45-49,434
3084,Vallensbæk,Women,50-54,469
3085,Vallensbæk,Women,55-59,426
3086,Vallensbæk,Women,60-64,396
3087,Vallensbæk,Women,65-69,319
3088,Vallensbæk,Women,70-74,344
3089,Vallensbæk,Women,75-79,389
3090,Vallensbæk,Women,80-84,390
3091,Vallensbæk,Women,85-89,162
3092,Vallensbæk,Women,90-94,58
3093,Varde,Men,100+,31
3094,Varde,Men,15-19,1436
3095,Varde,Men,20-24,1014
3096,Varde,Men,25-29,940
3097,Varde,Men,30-34,1184
3098,Varde,Men,35-39,1138
3099,Varde,Men,40-44,1111
3100,Varde,Men,45-49,1254
3101,Varde,Men,50-54,1472
3102,Varde,Men,55-59,1659
3103,Varde,Men,60-64,1781
3104,Varde,Men,65-69,1561
3105,Varde,Men,70-74,1460
3106,Varde,Men,75-79,1301
3107,Varde,Men,80-84,900
3108,Varde,Men,85-89,453
3109,Varde,Men,90-94,154
3110,Varde,Women,100+,76
3111,Varde,Women,15-19,1347
3112,Varde,Women,20-24,801
3113,Varde,Women,25-29,807
3114,Varde,Women,30-34,1101
3115,Varde,Women,35-39,1105
3116,Varde,Women,40-44,1044
3117,Varde,Women,45-49,1185
3118,Varde,Women,50-54,1453
3119,Varde,Women,55-59,1628
3120,Varde,Women,60-64,1721
3121,Varde,Women,65-69,1512
3122,Varde,Women,70-74,1491
3123,Varde,Women,75-79,1327
3124,Varde,Women,80-84,947
3125,Varde,Women,85-89,609
3126,Varde,Women,90-94,272
3127,Vejen,Men,100+,27
3128,Vejen,Men,15-19,1223
3129,Vejen,Men,20-24,939
3130,Vejen,Men,25-29,803
3131,Vejen,Men,30-34,1034
3132,Vejen,Men,35-39,1003
3133,Vejen,Men,40-44,999
3134,Vejen,Men,45-49,1244
3135,Vejen,Men,50-54,1377
3136,Vejen,Men,55-59,1367
3137,Vejen,Men,60-64,1449
3138,Vejen,Men,65-69,1195
3139,Vejen,Men,70-74,1132
3140,Vejen,Men,75-79,981
3141,Vejen,Men,80-84,700
3142,Vejen,Men,85-89,362
3143,Vejen,Men,90-94,106
3144,Vejen,Women,100+,56
3145,Vejen,Women,15-19,1223
3146,Vejen,Women,20-24,757
3147,Vejen,Women,25-29,752
3148,Vejen,Women,30-34,969
3149,Vejen,Women,35-39,923
3150,Vejen,Women,40-44,1008
3151,Vejen,Women,45-49,1169
3152,Vejen,Women,50-54,1309
3153,Vejen,Women,55-59,1221
3154,Vejen,Women,60-64,1362
3155,Vejen,Women,65-69,1225
3156,Vejen,Women,70-74,1096
3157,Vejen,Women,75-79,1036
3158,Vejen,Women,80-84,831
3159,Vejen,Women,85-89,494
3160,Vejen,Women,90-94,229
3161,Vejle,Men,100+,44
3162,Vejle,Men,15-19,3594
3163,Vejle,Men,20-24,2857
3164,Vejle,Men,25-29,2641
3165,Vejle,Men,30-34,3408
3166,Vejle,Men,35-39,3154
3167,Vejle,Men,40-44,2852
3168,Vejle,Men,45-49,3332
3169,Vejle,Men,50-54,3744
3170,Vejle,Men,55-59,3866
3171,Vejle,Men,60-64,3830
3172,Vejle,Men,65-69,3090
3173,Vejle,Men,70-74,2637
3174,Vejle,Men,75-79,2580
3175,Vejle,Men,80-84,1763
3176,Vejle,Men,85-89,858
3177,Vejle,Men,90-94,246
3178,Vejle,Women,100+,157
3179,Vejle,Women,15-19,3443
3180,Vejle,Women,20-24,2681
3181,Vejle,Women,25-29,2507
3182,Vejle,Women,30-34,3348
3183,Vejle,Women,35-39,3079
3184,Vejle,Women,40-44,2729
3185,Vejle,Women,45-49,3284
3186,Vejle,Women,50-54,3804
3187,Vejle,Women,55-59,3836
3188,Vejle,Women,60-64,3769
3189,Vejle,Women,65-69,3102
3190,Vejle,Women,70-74,2919
3191,Vejle,Women,75-79,2842
3192,Vejle,Women,80-84,2180
3193,Vejle,Women,85-89,1191
3194,Vejle,Women,90-94,490
3195,Vesthimmerlands,Men,100+,22
3196,Vesthimmerlands,Men,15-19,980
3197,Vesthimmerlands,Men,20-24,770
3198,Vesthimmerlands,Men,25-29,689
3199,Vesthimmerlands,Men,30-34,812
3200,Vesthimmerlands,Men,35-39,821
3201,Vesthimmerlands,Men,40-44,791
3202,Vesthimmerlands,Men,45-49,945
3203,Vesthimmerlands,Men,50-54,1102
3204,Vesthimmerlands,Men,55-59,1279
3205,Vesthimmerlands,Men,60-64,1287
3206,Vesthimmerlands,Men,65-69,1182
3207,Vesthimmerlands,Men,70-74,1076
3208,Vesthimmerlands,Men,75-79,1041
3209,Vesthimmerlands,Men,80-84,713
3210,Vesthimmerlands,Men,85-89,355
3211,Vesthimmerlands,Men,90-94,107
3212,Vesthimmerlands,Women,100+,53
3213,Vesthimmerlands,Women,15-19,929
3214,Vesthimmerlands,Women,20-24,623
3215,Vesthimmerlands,Women,25-29,572
3216,Vesthimmerlands,Women,30-34,778
3217,Vesthimmerlands,Women,35-39,784
3218,Vesthimmerlands,Women,40-44,766
3219,Vesthimmerlands,Women,45-49,929
3220,Vesthimmerlands,Women,50-54,1005
3221,Vesthimmerlands,Women,55-59,1168
3222,Vesthimmerlands,Women,60-64,1286
3223,Vesthimmerlands,Women,65-69,1231
3224,Vesthimmerlands,Women,70-74,1076
3225,Vesthimmerlands,Women,75-79,1027
3226,Vesthimmerlands,Women,80-84,811
3227,Vesthimmerlands,Women,85-89,465
3228,Vesthimmerlands,Women,90-94,184
3229,Viborg,Men,100+,44
3230,Viborg,Men,15-19,3292
3231,Viborg,Men,20-24,2320
3232,Viborg,Men,25-29,2091
3233,Viborg,Men,30-34,2610
3234,Viborg,Men,35-39,2436
3235,Viborg,Men,40-44,2380
3236,Viborg,Men,45-49,2784
3237,Viborg,Men,50-54,3052
3238,Viborg,Men,55-59,3274
3239,Viborg,Men,60-64,3202
3240,Viborg,Men,65-69,2809
3241,Viborg,Men,70-74,2618
3242,Viborg,Men,75-79,2358
3243,Viborg,Men,80-84,1571
3244,Viborg,Men,85-89,755
3245,Viborg,Men,90-94,246
3246,Viborg,Women,100+,109
3247,Viborg,Women,15-19,3039
3248,Viborg,Women,20-24,2106
3249,Viborg,Women,25-29,1881
3250,Viborg,Women,30-34,2499
3251,Viborg,Women,35-39,2316
3252,Viborg,Women,40-44,2330
3253,Viborg,Women,45-49,2768
3254,Viborg,Women,50-54,3151
3255,Viborg,Women,55-59,3167
3256,Viborg,Women,60-64,3184
3257,Viborg,Women,65-69,2898
3258,Viborg,Women,70-74,2644
3259,Viborg,Women,75-79,2461
3260,Viborg,Women,80-84,1918
3261,Viborg,Women,85-89,1002
3262,Viborg,Women,90-94,450
3263,Vordingborg,Men,100+,21
3264,Vordingborg,Men,15-19,1161
3265,Vordingborg,Men,20-24,947
3266,Vordingborg,Men,25-29,818
3267,Vordingborg,Men,30-34,968
3268,Vordingborg,Men,35-39,972
3269,Vordingborg,Men,40-44,930
3270,Vordingborg,Men,45-49,1101
3271,Vordingborg,Men,50-54,1372
3272,Vordingborg,Men,55-59,1637
3273,Vordingborg,Men,60-64,1726
3274,Vordingborg,Men,65-69,1682
3275,Vordingborg,Men,70-74,1551
3276,Vordingborg,Men,75-79,1448
3277,Vordingborg,Men,80-84,1023
3278,Vordingborg,Men,85-89,422
3279,Vordingborg,Men,90-94,131
3280,Vordingborg,Women,100+,58
3281,Vordingborg,Women,15-19,1120
3282,Vordingborg,Women,20-24,749
3283,Vordingborg,Women,25-29,699
3284,Vordingborg,Women,30-34,928
3285,Vordingborg,Women,35-39,916
3286,Vordingborg,Women,40-44,974
3287,Vordingborg,Women,45-49,1078
3288,Vordingborg,Women,50-54,1466
3289,Vordingborg,Women,55-59,1621
3290,Vordingborg,Women,60-64,1833
3291,Vordingborg,Women,65-69,1772
3292,Vordingborg,Women,70-74,1586
3293,Vordingborg,Women,75-79,1534
3294,Vordingborg,Women,80-84,1201
3295,Vordingborg,Women,85-89,608
3296,Vordingborg,Women,90-94,222
3297,Ærø,Men,100+,4
3298,Ærø,Men,15-19,121
3299,Ærø,Men,20-24,94
3300,Ærø,Men,25-29,91
3301,Ærø,Men,30-34,91
3302,Ærø,Men,35-39,91
3303,Ærø,Men,40-44,87
3304,Ærø,Men,45-49,107
3305,Ærø,Men,50-54,153
3306,Ærø,Men,55-59,183
3307,Ærø,Men,60-64,258
3308,Ærø,Men,65-69,248
3309,Ærø,Men,70-74,243
3310,Ærø,Men,75-79,251
3311,Ærø,Men,80-84,163
3312,Ærø,Men,85-89,74
3313,Ærø,Men,90-94,25
3314,Ærø,Women,100+,18
3315,Ærø,Women,15-19,116
3316,Ærø,Women,20-24,48
3317,Ærø,Women,25-29,61
3318,Ærø,Women,30-34,70
3319,Ærø,Women,35-39,92
3320,Ærø,Women,40-44,91
3321,Ærø,Women,45-49,99
3322,Ærø,Women,50-54,149
3323,Ærø,Women,55-59,197
3324,Ærø,Women,60-64,266
3325,Ærø,Women,65-69,247
3326,Ærø,Women,70-74,247
3327,Ærø,Women,75-79,252
3328,Ærø,Women,80-84,181
3329,Ærø,Women,85-89,133
3330,Ærø,Women,90-94,47
