StartDate,EndDate,Status,RecordedDate,res_attempts,res_city,res_audio,lang,consent_en,consent_followup_en,vote_2025_en,vote_2025_party_en,vote_2025_party_en_17_TEXT,vote_likelihood_en,vote_today_party_en,vote_today_party_en_18_TEXT,news_time_en,gender_en,gender_en_3_TEXT,birth_year_en,municipality_en_1,education_en,consent_nl,consent_followup_nl,vote_2025_nl,vote_2025_party_nl,vote_2025_party_nl_17_TEXT,vote_likelihood_nl,vote_today_party_nl,vote_today_party_nl_18_TEXT,news_time_nl,gender_nl,gender_nl_3_TEXT,birth_year_nl,municipality_nl_1,education_nl,res_interview_lang
2026-04-13 06:11:52,2026-04-13 06:12:52,IP Address,2026-04-13 06:12:52,3,TEST,TEST,English,I consent to participate,yes,Yes,DENK,,7,Partij voor de Dieren (animal welfare party),,09:02,Female,,1999,Amsterdam,Not yet started any education,,,,,,,,,,,,,,,English
2026-04-13 06:14:22,2026-04-13 06:15:18,IP Address,2026-04-13 06:15:18,3,TEST,TEST,English,I consent to participate,yes,Not eligible to vote,,,8,PVV (Wilders freedom party),,09:04,Female,,2000,Ouder-Amstel,"vmbo (intermediate secondary education, US: junior high school)",,,,,,,,,,,,,,,English
2026-04-18 02:34:33,2026-04-18 03:06:24,IP Address,2026-04-18 03:06:24,3,Amsterdam,XM001POL18042026,English,I consent to participate,yes,Yes,D66 (social-liberal party),,10,D66 (social-liberal party),,02:00,Male,,1962,Amsterdam,wo (university),,,,,,,,,,,,,,,English
2026-04-18 03:28:35,2026-04-18 03:44:24,IP Address,2026-04-18 03:44:25,0,Amsterdam,MM002POL18042026,Nederlands,,,,,,,,,,,,,,,Ik geef toestemming om deel te nemen,Ja,Ja,PVV (Partij voor de Vrijheid),,10,PVV (Partij voor de Vrijheid),,02:00,Man,,1976,Amsterdam,havo/vwo,Dutch
2026-04-18 03:48:31,2026-04-18 03:53:49,IP Address,2026-04-18 03:53:50,2,Amsterdam,XM002POL18042026,English,I consent to participate,no,Yes,Partij voor de Dieren (animal welfare party),,9,Blank,,00:30,Male,,1959,Amsterdam,wo (university),,,,,,,,,,,,,,,English
2026-04-18 04:01:31,2026-04-18 04:05:41,IP Address,2026-04-18 04:05:42,1,Amsterdam,MM003POL18042026,Nederlands,,,,,,,,,,,,,,,Ik geef toestemming om deel te nemen,Ja,Ja,GroenLinks-PvdA,,7,GroenLinks-PvdA,,00:30,Man,,1990,Amsterdam,wo,Dutch
2026-04-18 04:41:39,2026-04-18 04:44:41,IP Address,2026-04-18 04:44:41,11,Amsterdam,AA001POL18042026,English,I consent to participate,no,Yes,JA21 (Right Answer 2021),,7,JA21 (Right Answer 2021),,01:00,Male,,2001,Nijmegen,"hbo (higher vocational education, US: college)",,,,,,,,,,,,,,,English
2026-04-18 04:41:16,2026-04-18 04:44:47,IP Address,2026-04-18 04:44:47,1,Amsterdam,XM003POL18042026,Nederlands,,,,,,,,,,,,,,,Ik geef toestemming om deel te nemen,Ja,Nee,,,7,Ik zou niet stemmen,,08:00,Man,,2004,Haarlemmermeer,mbo,English
2026-04-18 04:39:41,2026-04-18 04:46:01,IP Address,2026-04-18 04:46:02,0,Amsterdam,MM004POL18042028,Nederlands,,,,,,,,,,,,,,,Ik geef toestemming om deel te nemen,Ja,Nee,,,6,Ik weet het niet,,00:05,Man,,1997,Tilburg,havo/vwo,Dutch
2026-04-18 06:01:18,2026-04-18 06:04:03,IP Address,2026-04-18 06:04:04,1,Amsterdam,XM004POL18042026,Nederlands,,,,,,,,,,,,,,,Ik geef toestemming om deel te nemen,Nee,Ja,D66 (Democraten 66),,10,D66 (Democraten 66),,00:30,Vrouw,,2005,Amsterdam,havo/vwo,English
2026-04-18 05:59:19,2026-04-18 06:08:06,IP Address,2026-04-18 06:08:07,1,Amsterdam,MM005POL18042026,Nederlands,,,,,,,,,,,,,,,Ik geef toestemming om deel te nemen,Ja,Ja,GroenLinks-PvdA,,10,GroenLinks-PvdA,,00:15,Vrouw,,1997,Amsterdam,wo,Dutch
2026-04-18 05:58:54,2026-04-18 06:08:51,IP Address,2026-04-18 06:08:51,1,Amsterdam ,AA002POL18042026,Nederlands,,,,,,,,,,,,,,,Ik geef toestemming om deel te nemen,Nee,Ja,Partij voor de Dieren,,9,Andere partij,Bij1,00:30,Vrouw,,2002,Amsterdam,wo,English
2026-04-18 06:24:24,2026-04-18 06:30:58,IP Address,2026-04-18 06:30:59,0,Amsterdam,XM005POL18042026,Nederlands,,,,,,,,,,,,,,,Ik geef toestemming om deel te nemen,Ja,Ja,D66 (Democraten 66),,9,D66 (Democraten 66),,01:00,Man,,1962,Amsterdam,mbo,English
2026-04-18 07:25:03,2026-04-18 07:29:00,IP Address,2026-04-18 07:29:01,2,Amsterdam,AA003POL18042026,English,I consent to participate,no,Not eligible to vote,,,8,I don’t know,,00:20,Female,,1996,Amsterdam,wo (university),,,,,,,,,,,,,,,English
2026-04-18 07:27:11,2026-04-18 07:30:48,IP Address,2026-04-18 07:30:48,1,Amsterdam,XM006POL18042026,Nederlands,,,,,,,,,,,,,,,Ik geef toestemming om deel te nemen,Ja,Ja,D66 (Democraten 66),,10,D66 (Democraten 66),,00:30,Vrouw,,2000,Amsterdam,wo,Dutch
2026-04-18 07:26:41,2026-04-18 07:32:28,IP Address,2026-04-18 07:32:28,4,Amsterdam,MM006POL18042026,Nederlands,,,,,,,,,,,,,,,Ik geef toestemming om deel te nemen,Ja,Ja,D66 (Democraten 66),,10,D66 (Democraten 66),,03:00,Vrouw,,2000,Amsterdam,wo,Dutch
2026-04-18 07:36:23,2026-04-18 07:40:30,IP Address,2026-04-18 07:40:30,0,Amsterdam,AA004POL18042026,Nederlands,,,,,,,,,,,,,,,Ik geef toestemming om deel te nemen,Nee,Ja,D66 (Democraten 66),,10,D66 (Democraten 66),,00:15,Vrouw,,1996,Amsterdam,wo,English
2026-04-18 07:41:16,2026-04-18 07:45:39,IP Address,2026-04-18 07:45:40,0,Amsterdam,XM007POL18042026,Nederlands,,,,,,,,,,,,,,,Ik geef toestemming om deel te nemen,Nee,Ja,VVD (Volkspartij voor Vrijheid en Democratie),,10,Ik weet het niet,,00:15,Vrouw,,2001,Amsterdam,wo,Dutch
2026-04-18 07:48:41,2026-04-18 07:51:52,IP Address,2026-04-18 07:51:52,0,Amsterdam,MM007POL18042026,English,I consent to participate,no,No,,,7,VVD (liberal party),,00:15,Female,,2002,Diemen,"havo/vwo (higher secondary education/preparatory university education, US: senior high school)",,,,,,,,,,,,,,,English
2026-04-18 08:09:51,2026-04-18 08:15:26,IP Address,2026-04-18 08:15:26,3,Amsterdam,XM008POL18042026,Nederlands,,,,,,,,,,,,,,,Ik geef toestemming om deel te nemen,Nee,Ja,JA21 (Juiste Antwoord21),,6,JA21 (Juiste Antwoord21),,00:10,Vrouw,,2000,Amsterdam,havo/vwo,English
2026-04-18 08:03:00,2026-04-18 08:15:29,IP Address,2026-04-18 08:15:29,0,Amsterdam,MM008POL18042026,English,I consent to participate,yes,Yes,I don’t know,,10,Other party,Piratenpartij,00:10,Male,,1997,Wormerland,"vmbo (intermediate secondary education, US: junior high school)",,,,,,,,,,,,,,,English
2026-04-18 07:54:48,2026-04-18 08:16:10,IP Address,2026-04-18 08:16:10,0,Amsterdam,AA005POL18042026,Nederlands,,,,,,,,,,,,,,,Ik geef toestemming om deel te nemen,Nee,Ja,D66 (Democraten 66),,10,D66 (Democraten 66),,02:00,Man,,1941,Amsterdam,havo/vwo,Dutch
2026-04-18 08:27:31,2026-04-18 08:30:58,IP Address,2026-04-18 08:30:58,0,Amsterdam,XM009POL18042026,Nederlands,,,,,,,,,,,,,,,Ik geef toestemming om deel te nemen,Nee,Ja,SP (Socialistische Partij),,8,Ik weet het niet,,00:30,Man,,1991,Amsterdam,havo/vwo,Dutch
2026-04-20 04:18:03,2026-04-20 04:30:26,IP Address,2026-04-20 04:30:27,3,Groningen ,XM001POL20042026,Nederlands,,,,,,,,,,,,,,,Ik geef toestemming om deel te nemen,Ja,Ja,GroenLinks-PvdA,,10,Andere partij,Bij1,10:00,Vrouw,,1997,Groningen,wo,English
2026-04-20 04:19:55,2026-04-20 04:30:55,IP Address,2026-04-20 04:30:56,3,Groningen,MM001POL20042026,English,I consent to participate,no,Yes,GroenLinks (green party)-PvdA (labor party),,9,GroenLinks (green party)-PvdA (labor party),,01:00,Male,,1996,Groningen,"havo/vwo (higher secondary education/preparatory university education, US: senior high school)",,,,,,,,,,,,,,,English
2026-04-20 04:16:25,2026-04-20 04:33:34,IP Address,2026-04-20 04:33:34,6,Groningen,AA001POL20042026,English,I consent to participate,yes,Yes,GroenLinks (green party)-PvdA (labor party),,10,GroenLinks (green party)-PvdA (labor party),,00:20,Female,,1976,Groningen,wo (university),,,,,,,,,,,,,,,English
2026-04-20 04:23:23,2026-04-20 04:44:40,IP Address,2026-04-20 04:44:40,1,Groningen,BC001POL20042026,Nederlands,,,,,,,,,,,,,,,Ik geef toestemming om deel te nemen,Nee,Ja,GroenLinks-PvdA,,10,GroenLinks-PvdA,,02:00,Man,,1957,Heerenveen,hbo,Dutch
2026-04-20 04:43:31,2026-04-20 04:48:19,IP Address,2026-04-20 04:48:19,2,Groningen,AA002POL20042026,English,I consent to participate,no,Not eligible to vote,,,7,I don’t know,,01:00,Female,,1988,Groningen,"hbo (higher vocational education, US: college)",,,,,,,,,,,,,,,English
2026-04-20 04:59:57,2026-04-20 05:05:31,IP Address,2026-04-20 05:05:31,5,Groningen,XM002POL20042026,Nederlands,,,,,,,,,,,,,,,Ik geef toestemming om deel te nemen,Ja,Ja,Volt,,10,Volt,,01:00,Vrouw,,1953,Groningen,hbo,English
2026-04-20 04:46:26,2026-04-20 05:06:38,IP Address,2026-04-20 05:06:38,4,Groningen,MM002POL20042026,Nederlands,,,,,,,,,,,,,,,Ik geef toestemming om deel te nemen,Ja,Ja,GroenLinks-PvdA,,10,GroenLinks-PvdA,,01:00,Man,,1977,Groningen,wo,Dutch
2026-04-20 04:58:25,2026-04-20 05:12:05,IP Address,2026-04-20 05:12:05,2,Groningen,AA003POL20042026,English,I consent to participate,no,Yes,BBB (farmer–citizen movement),,10,VVD (liberal party),,01:00,Female,,1968,Noardeast-Fryslân,"hbo (higher vocational education, US: college)",,,,,,,,,,,,,,,English
2026-04-20 05:10:53,2026-04-20 05:16:45,IP Address,2026-04-20 05:16:45,2,Groningen,BC002POL20042026,Nederlands,,,,,,,,,,,,,,,Ik geef toestemming om deel te nemen,Ja,Ja,GroenLinks-PvdA,,10,GroenLinks-PvdA,,02:00,Vrouw,,1957,Het Hogeland,wo,Dutch
2026-04-20 05:16:48,2026-04-20 05:19:52,IP Address,2026-04-20 05:19:53,0,GRONINGEN,MM003POL20042026,Nederlands,,,,,,,,,,,,,,,Ik geef toestemming om deel te nemen,Nee,Ja,CDA (Christen-Democratisch Appèl),,10,CDA (Christen-Democratisch Appèl),,01:30,Vrouw,,1982,Breda,wo,Dutch
2026-04-20 05:19:08,2026-04-20 05:23:04,IP Address,2026-04-20 05:23:04,1,Groningen,XM003POL20042026,Nederlands,,,,,,,,,,,,,,,Ik geef toestemming om deel te nemen,Nee,Ja,Andere partij,CU,10,ChristenUnie,,00:30,Man,,1983,Groningen,hbo,English
2026-04-20 05:20:58,2026-04-20 05:24:14,IP Address,2026-04-20 05:24:15,0,Groningen,AA004POL20042026,English,I consent to participate,yes,Yes,D66 (social-liberal party),,10,GroenLinks (green party)-PvdA (labor party),,00:30,Male,,2001,Leeuwarden,"hbo (higher vocational education, US: college)",,,,,,,,,,,,,,,English
2026-04-20 05:20:07,2026-04-20 05:32:36,IP Address,2026-04-20 05:32:36,0,Groningen,MM004POL20042026,Nederlands,,,,,,,,,,,,,,,Ik geef toestemming om deel te nemen,Ja,Nee,,,8,CDA (Christen-Democratisch Appèl),,01:00,Man,,1991,Groningen,hbo,Dutch
2026-04-20 05:23:39,2026-04-20 05:37:11,IP Address,2026-04-20 05:37:11,2,Groningen,XM004POL20042026,Nederlands,,,,,,,,,,,,,,,Ik geef toestemming om deel te nemen,Ja,Ja,D66 (Democraten 66),,10,D66 (Democraten 66),,00:45,Man,,1989,Tynaarlo,hbo,English
2026-04-20 05:45:34,2026-04-20 05:48:19,IP Address,2026-04-20 05:48:19,1,Groningen,XM005POL20042026,Nederlands,,,,,,,,,,,,,,,Ik geef toestemming om deel te nemen,Ja,Ja,GroenLinks-PvdA,,10,GroenLinks-PvdA,,00:45,Man,,1984,Tynaarlo,wo,English
2026-04-20 05:41:46,2026-04-20 05:59:08,IP Address,2026-04-20 05:59:08,0,Groningen ,AA001APP20042026,English,I consent to participate,yes,Yes,D66 (social-liberal party),,10,GroenLinks (green party)-PvdA (labor party),,00:30,Male,,2001,Leeuwarden,"hbo (higher vocational education, US: college)",,,,,,,,,,,,,,,English
2026-04-15 06:09:28,2026-04-20 06:27:53,IP Address,2026-04-20 06:27:54,22,Groningen,DJ001POL20042026,Nederlands,,,,,,,,,,,,,,,Ik geef toestemming om deel te nemen,Ja,Ik was niet stemgerechtigd,,,10,Partij voor de Dieren,,01:00,Vrouw,,2007,Aa en Hunze,havo/vwo,English
2026-04-20 06:01:55,2026-04-20 06:28:31,IP Address,2026-04-20 06:28:31,2,Groningen,XM006POL20042026,Nederlands,,,,,,,,,,,,,,,Ik geef toestemming om deel te nemen,Ja,Ik was niet stemgerechtigd,,,9,GroenLinks-PvdA,,00:30,Vrouw,,2007,Groningen,havo/vwo,English
2026-04-20 05:51:58,2026-04-20 06:30:48,IP Address,2026-04-20 06:30:48,14,Groningen,BC003POL20042026,Nederlands,,,,,,,,,,,,,,,Ik geef toestemming om deel te nemen,Ja,Ja,Volt,,10,Volt,,02:00,Man,,1953,Groningen,wo,Dutch
2026-04-20 06:25:13,2026-04-20 06:39:07,IP Address,2026-04-20 06:39:08,0,Groningen ,AA005POL20042026,English,I consent to participate,yes,Yes,GroenLinks (green party)-PvdA (labor party),,10,GroenLinks (green party)-PvdA (labor party),,00:25,Male,,1978,Groningen,wo (university),,,,,,,,,,,,,,,English
2026-04-20 06:48:11,2026-04-20 06:52:40,IP Address,2026-04-20 06:52:40,0,Groningen ,XM007POL20042026,Nederlands,,,,,,,,,,,,,,,Ik geef toestemming om deel te nemen,Ja,Ja,VVD (Volkspartij voor Vrijheid en Democratie),,8,VVD (Volkspartij voor Vrijheid en Democratie),,01:00,Man,,1984,Groningen,hbo,English
2026-04-20 06:48:11,2026-04-20 06:53:43,IP Address,2026-04-20 06:53:44,1,Groningen,BC004POL20042026,Nederlands,,,,,,,,,,,,,,,Ik geef toestemming om deel te nemen,Ja,Ja,SP (Socialistische Partij),,10,SP (Socialistische Partij),,00:30,Vrouw,,1998,Noordenveld,wo,Dutch
2026-04-20 08:31:55,2026-04-20 08:35:55,IP Address,2026-04-20 08:35:55,0,Groningen ,XM008POL20042026,Nederlands,,,,,,,,,,,,,,,Ik geef toestemming om deel te nemen,Nee,Ja,Ik weet het niet,,8,Ik weet het niet,,05:00,Vrouw,,2003,Het Hogeland,havo/vwo,English
2026-04-20 08:30:33,2026-04-20 08:35:59,IP Address,2026-04-20 08:35:59,0,Groningen ,AA006POL20042026,English,I consent to participate,yes,Yes,ChristenUnie (Christian union party),,7,ChristenUnie (Christian union party),,00:00,Male,,2005,Haarlem,"mbo (intermediate vocational education, US: junior college)",,,,,,,,,,,,,,,English
2026-04-20 08:38:19,2026-04-20 08:47:35,IP Address,2026-04-20 08:47:35,4,Groningen,MM008POL20042026,English,I consent to participate,no,Yes,GroenLinks (green party)-PvdA (labor party),,10,D66 (social-liberal party),,00:10,Male,,1965,Groningen,"havo/vwo (higher secondary education/preparatory university education, US: senior high school)",,,,,,,,,,,,,,,English
2026-04-20 08:45:43,2026-04-20 08:55:06,IP Address,2026-04-20 08:55:06,0,Groningen,XM001APP20042026,Nederlands,,,,,,,,,,,,,,,Ik geef toestemming om deel te nemen,Nee,Ja,Ik weet het niet,,9,Ik weet het niet,,05:00,Vrouw,,2003,Het Hogeland,havo/vwo,English
2026-04-20 08:52:28,2026-04-20 09:03:34,IP Address,2026-04-20 09:03:34,2,Groningen ,AA007POL20042026,English,I consent to participate,yes,Yes,SP (socialist party),,10,I don’t know,,02:00,Male,,1964,Midden-Groningen,wo (university),,,,,,,,,,,,,,,English
2026-04-20 08:59:57,2026-04-20 09:06:59,IP Address,2026-04-20 09:06:59,0,Groningen,MM009POL20042026,Nederlands,,,,,,,,,,,,,,,Ik geef toestemming om deel te nemen,Ja,Ja,GroenLinks-PvdA,,10,GroenLinks-PvdA,,01:00,Man,,1989,Groningen,hbo,English
2026-04-20 08:53:51,2026-04-20 09:14:34,IP Address,2026-04-20 09:14:34,8,Groningen,BC005POL20042026,Nederlands,,,,,,,,,,,,,,,Ik geef toestemming om deel te nemen,Ja,Ja,VVD (Volkspartij voor Vrijheid en Democratie),,10,D66 (Democraten 66),,00:30,Man,,1946,Tynaarlo,havo/vwo,Dutch
2026-04-20 09:12:38,2026-04-20 09:24:02,IP Address,2026-04-20 09:24:02,0,Groningen ,AA008POL20042026,English,I consent to participate,yes,Yes,Partij voor de Dieren (animal welfare party),,10,Partij voor de Dieren (animal welfare party),,00:20,Female,,2005,Groningen,"mbo (intermediate vocational education, US: junior college)",,,,,,,,,,,,,,,English
2026-04-20 06:47:53,2026-04-20 09:24:38,IP Address,2026-04-20 09:24:39,20,Groningen,DJ002POL20042026,Nederlands,,,,,,,,,,,,,,,Ik geef toestemming om deel te nemen,Ja,Ja,Partij voor de Dieren,,10,Partij voor de Dieren,,01:00,Man,,2005,Het Hogeland,mbo,English
2026-04-20 09:25:03,2026-04-20 09:27:55,IP Address,2026-04-20 09:27:55,0,Groningen ,XM002APP20042026,English,I consent to participate,yes,No,,,10,CDA (Christian democrat party),,00:20,Female,,1989,Groningen,wo (university),,,,,,,,,,,,,,,English
2026-04-20 09:37:24,2026-04-20 09:39:10,IP Address,2026-04-20 09:39:11,0,Groningen ,AA002APP20042026,English,I consent to participate,yes,Yes,Partij voor de Dieren (animal welfare party),,10,Partij voor de Dieren (animal welfare party),,00:20,Female,,2005,Groningen,"mbo (intermediate vocational education, US: junior college)",,,,,,,,,,,,,,,English
2026-04-21 03:27:22,2026-04-21 03:37:47,IP Address,2026-04-21 03:37:47,0,Eindhoven,SA001POL21042026,Nederlands,,,,,,,,,,,,,,,Ik geef toestemming om deel te nemen,Nee,Ja,GroenLinks-PvdA,,8,GroenLinks-PvdA,,00:30,Man,,2002,Amsterdam,hbo,English
2026-04-21 02:03:42,2026-04-21 03:45:58,IP Address,2026-04-21 03:45:58,1,Eindhoven,SB001POL21042026,Nederlands,,,,,,,,,,,,,,,Ik geef toestemming om deel te nemen,Ja,Ja,VVD (Volkspartij voor Vrijheid en Democratie),,10,VVD (Volkspartij voor Vrijheid en Democratie),,02:30,Man,,1966,Eindhoven,havo/vwo,Dutch
2026-04-21 03:47:45,2026-04-21 03:58:08,IP Address,2026-04-21 03:58:08,0,Eindhoven,SA002POL21042026,English,I consent to participate,yes,Yes,CDA (Christian democrat party),,9,GroenLinks (green party)-PvdA (labor party),,00:10,Female,,1994,Eindhoven,wo (university),,,,,,,,,,,,,,,English
2026-04-21 04:17:46,2026-04-21 04:24:41,IP Address,2026-04-21 04:24:41,0,Eindhoven ,SA003POL21042026,Nederlands,,,,,,,,,,,,,,,Ik geef toestemming om deel te nemen,Ja,Ja,GroenLinks-PvdA,,10,GroenLinks-PvdA,,00:40,Man,,1966,Eindhoven,wo,English
2026-04-15 05:41:54,2026-04-21 04:36:49,IP Address,2026-04-21 04:36:50,3,EINHOVEN,AA001POL21042026,English,I consent to participate,yes,Yes,D66 (social-liberal party),,8,GroenLinks (green party)-PvdA (labor party),,10:00,Female,,2002,Eindhoven,"hbo (higher vocational education, US: college)",,,,,,,,,,,,,,,English
2026-04-21 04:32:45,2026-04-21 04:37:58,IP Address,2026-04-21 04:37:58,11,Eindhoven,SB002POL21042026,Nederlands,,,,,,,,,,,,,,,Ik geef toestemming om deel te nemen,Nee,Ja,D66 (Democraten 66),,10,D66 (Democraten 66),,00:00,Vrouw,,2001,Eindhoven,wo,Dutch
2026-04-21 04:34:44,2026-04-21 04:41:29,IP Address,2026-04-21 04:41:29,0,Eindhoven ,SA004POL21042026 ,English,I consent to participate,no,Yes,SP (socialist party),,8,SP (socialist party),,00:10,Female,,1997,Roosendaal,"mbo (intermediate vocational education, US: junior college)",,,,,,,,,,,,,,,English
2026-04-21 04:49:46,2026-04-21 04:57:02,IP Address,2026-04-21 04:57:03,0,EINHOVEN,NT002POL21042026,Nederlands,,,,,,,,,,,,,,,Ik geef toestemming om deel te nemen,Nee,Ja,VVD (Volkspartij voor Vrijheid en Democratie),,10,VVD (Volkspartij voor Vrijheid en Democratie),,00:15,Man,,2000,Echt-Susteren,hbo,English
2026-04-21 04:52:50,2026-04-21 04:57:12,IP Address,2026-04-21 04:57:13,0,Eindhoven,SB003POL21042026,Nederlands,,,,,,,,,,,,,,,Ik geef toestemming om deel te nemen,Nee,Ja,JA21 (Juiste Antwoord21),,10,JA21 (Juiste Antwoord21),,01:00,Man,,2001,Breda,hbo,Dutch
2026-04-21 05:13:18,2026-04-21 05:17:22,IP Address,2026-04-21 05:17:22,0,Einhoven,NT003POL21042026,Nederlands,,,,,,,,,,,,,,,Ik geef toestemming om deel te nemen,Nee,Nee,,,8,Volt,,00:30,Man,,2000,Eindhoven,hbo,Dutch
2026-04-21 05:13:15,2026-04-21 05:17:29,IP Address,2026-04-21 05:17:30,0,Eindhoven ,SB004POL21042026,Nederlands,,,,,,,,,,,,,,,Ik geef toestemming om deel te nemen,Nee,Nee,,,10,Partij voor de Dieren,,00:30,Man,,1998,Amsterdam,hbo,Dutch
2026-04-21 07:30:09,2026-04-21 07:34:53,IP Address,2026-04-21 07:34:54,2,Eindhoven ,SA005POL21042026,Nederlands,,,,,,,,,,,,,,,Ik geef toestemming om deel te nemen,Ja,Ja,GroenLinks-PvdA,,10,GroenLinks-PvdA,,02:30,Man,,1998,Eindhoven,wo,English
2026-04-21 07:44:46,2026-04-21 07:50:49,IP Address,2026-04-21 07:50:50,7,Eindhoven ,SB005POL21042026,Nederlands,,,,,,,,,,,,,,,Ik geef toestemming om deel te nemen,Nee,Ja,SP (Socialistische Partij),,10,SP (Socialistische Partij),,00:30,Man,,1967,Eindhoven,wo,Dutch
2026-04-21 07:52:33,2026-04-21 07:59:22,IP Address,2026-04-21 07:59:22,0,Eindhoven ,SA006POL21042026,Nederlands,,,,,,,,,,,,,,,Ik geef toestemming om deel te nemen,Ja,Ja,GroenLinks-PvdA,,10,GroenLinks-PvdA,,01:00,Man,,1988,Eindhoven,hbo,English
2026-04-21 08:02:21,2026-04-21 08:07:07,IP Address,2026-04-21 08:07:07,0,Eindhoven,SB006POL21042026,Nederlands,,,,,,,,,,,,,,,Ik geef toestemming om deel te nemen,Ja,Ja,D66 (Democraten 66),,10,D66 (Democraten 66),,01:30,Man,,1992,Eindhoven,wo,Dutch
2026-04-21 07:28:00,2026-04-21 08:08:33,IP Address,2026-04-21 08:08:34,0,Einhoven,NT004POL21042026,English,I consent to participate,yes,Yes,Volt,,7,Partij voor de Dieren (animal welfare party),,02:00,Male,,1959,Eindhoven,"hbo (higher vocational education, US: college)",,,,,,,,,,,,,,,English
2026-04-21 08:20:37,2026-04-21 08:26:33,IP Address,2026-04-21 08:26:33,0,Eindhoven,SB07POL21042026,Nederlands,,,,,,,,,,,,,,,Ik geef toestemming om deel te nemen,Ja,Nee,,,3,Blanco,,01:00,Man,,1997,Eindhoven,hbo,Dutch
2026-04-21 08:25:07,2026-04-21 08:41:24,IP Address,2026-04-21 08:41:24,2,Eindhoven ,SA007POL21042026,Nederlands,,,,,,,,,,,,,,,Ik geef toestemming om deel te nemen,Nee,Ja,CDA (Christen-Democratisch Appèl),,7,CDA (Christen-Democratisch Appèl),,01:00,Man,,1954,,hbo,English
2026-04-21 08:24:19,2026-04-21 09:32:01,IP Address,2026-04-21 09:32:01,3,Einhoven,NT005POL21042026,English,I consent to participate,yes,Yes,D66 (social-liberal party),,10,D66 (social-liberal party),,00:50,Male,,1999,Eindhoven,wo (university),,,,,,,,,,,,,,,English
2026-04-21 09:32:42,2026-04-21 09:36:13,IP Address,2026-04-21 09:36:14,0,Eindhoven ,SA008POL21042026,Nederlands,,,,,,,,,,,,,,,Ik geef toestemming om deel te nemen,Ja,Ja,GroenLinks-PvdA,,10,GroenLinks-PvdA,,00:30,Man,,2000,Eindhoven,wo,English
2026-04-21 09:26:13,2026-04-21 09:38:13,IP Address,2026-04-21 09:38:14,3,Eindhoven,SB08POL21042026,Nederlands,,,,,,,,,,,,,,,Ik geef toestemming om deel te nemen,Ja,Ja,Volt,,10,Volt,,02:00,Man,,2000,Eindhoven,wo,Dutch
2026-04-21 09:44:08,2026-04-21 09:48:49,IP Address,2026-04-21 09:48:49,0,Einhoven,NT006POL21042026,Nederlands,,,,,,,,,,,,,,,Ik geef toestemming om deel te nemen,Ja,Ja,GroenLinks-PvdA,,10,Ik weet het niet,,00:20,Vrouw,,2004,Eindhoven,havo/vwo,English
2026-04-22 03:24:09,2026-04-22 03:29:14,IP Address,2026-04-22 03:29:14,4,Lelystad,NT001POL22042026,Nederlands,,,,,,,,,,,,,,,Ik geef toestemming om deel te nemen,Nee,Ja,GroenLinks-PvdA,,10,GroenLinks-PvdA,,00:15,Vrouw,,1978,Lelystad,hbo,English
2026-04-22 03:24:28,2026-04-22 03:32:58,IP Address,2026-04-22 03:32:58,3,Lelystadt,MM001POL22042026,English,I consent to participate,yes,No,,,3,I would not vote,,03:00,Female,,1973,Lelystad,wo (university),,,,,,,,,,,,,,,English
2026-04-22 02:06:38,2026-04-22 03:36:10,IP Address,2026-04-22 03:36:11,2,Lelystad,WX001POL22042026,Nederlands,,,,,,,,,,,,,,,Ik geef toestemming om deel te nemen,Nee,Ja,D66 (Democraten 66),,9,D66 (Democraten 66),,00:15,Vrouw,,1989,Alphen aan den Rijn,wo,Dutch
2026-04-22 02:03:47,2026-04-22 03:39:41,IP Address,2026-04-22 03:39:42,7,Lelystad,DJ001POL22042026,Nederlands,,,,,,,,,,,,,,,Ik geef toestemming om deel te nemen,Nee,Ja,PVV (Partij voor de Vrijheid),,8,Ik weet het niet,,00:15,Vrouw,,2002,Noordwijk,hbo,English
2026-04-22 04:07:38,2026-04-22 04:11:04,IP Address,2026-04-22 04:11:05,3,Lelystad,WX002POL22042026,English,I consent to participate,yes,Yes,D66 (social-liberal party),,10,GroenLinks (green party)-PvdA (labor party),,01:00,Male,,1993,Huizen,"hbo (higher vocational education, US: college)",,,,,,,,,,,,,,,English
2026-04-22 04:20:55,2026-04-22 04:25:40,IP Address,2026-04-22 04:25:40,6,Lelystad,DJ002POL22042026,Nederlands,,,,,,,,,,,,,,,Ik geef toestemming om deel te nemen,Nee,Ja,GroenLinks-PvdA,,10,GroenLinks-PvdA,,00:45,Vrouw,,1970,Lelystad,wo,Dutch
2026-04-22 04:21:45,2026-04-22 04:29:21,IP Address,2026-04-22 04:29:21,3,Lelystad,MM002POL22042026,Nederlands,,,,,,,,,,,,,,,Ik geef toestemming om deel te nemen,Nee,Ja,D66 (Democraten 66),,10,CDA (Christen-Democratisch Appèl),,01:00,Vrouw,,1968,Heemstede,hbo,English
2026-04-22 04:42:29,2026-04-22 04:53:23,IP Address,2026-04-22 04:53:24,4,Lelystad,NT002PO?22042026,Nederlands,,,,,,,,,,,,,,,Ik geef toestemming om deel te nemen,Nee,Ja,VVD (Volkspartij voor Vrijheid en Democratie),,10,VVD (Volkspartij voor Vrijheid en Democratie),,01:30,Vrouw,,1954,Lelystad,anders,English
2026-04-22 04:47:09,2026-04-22 04:53:38,IP Address,2026-04-22 04:53:38,0,Lelystad,DJ003POL22042026,English,I consent to participate,yes,Yes,GroenLinks (green party)-PvdA (labor party),,10,GroenLinks (green party)-PvdA (labor party),,00:30,Male,,1989,Zwolle,"hbo (higher vocational education, US: college)",,,,,,,,,,,,,,,Dutch
2026-04-22 04:47:28,2026-04-22 04:54:13,IP Address,2026-04-22 04:54:14,0,Lelystad,MM003POL22042026,Nederlands,,,,,,,,,,,,,,,Ik geef toestemming om deel te nemen,Nee,Ja,GroenLinks-PvdA,,10,GroenLinks-PvdA,,00:30,Vrouw,,1993,Amsterdam,wo,English
2026-04-22 05:04:44,2026-04-22 05:13:31,IP Address,2026-04-22 05:13:32,0,Lelystad,NT003POL22042026,Nederlands,,,,,,,,,,,,,,,Ik geef toestemming om deel te nemen,Nee,Ja,CDA (Christen-Democratisch Appèl),,10,CDA (Christen-Democratisch Appèl),,00:40,Vrouw,,1950,Lelystad,hbo,Dutch
2026-04-22 05:09:55,2026-04-22 05:14:15,IP Address,2026-04-22 05:14:15,0,Lelystad,MM004APP22042026,English,I consent to participate,no,Yes,GroenLinks (green party)-PvdA (labor party),,10,GroenLinks (green party)-PvdA (labor party),,02:00,Male,,1995,Lelystad,"mbo (intermediate vocational education, US: junior college)",,,,,,,,,,,,,,,English
2026-04-22 05:07:52,2026-04-22 05:14:40,IP Address,2026-04-22 05:14:40,0,Lelystad,DJ004POL22042026,Nederlands,,,,,,,,,,,,,,,Ik geef toestemming om deel te nemen,Nee,Ik was niet stemgerechtigd,,,10,JA21 (Juiste Antwoord21),,02:00,Man,,2007,Lelystad,havo/vwo,English
2026-04-22 05:18:14,2026-04-22 05:26:59,IP Address,2026-04-22 05:26:59,8,LELYSTAD,WX003POL22032026,Nederlands,,,,,,,,,,,,,,,Ik geef toestemming om deel te nemen,Nee,Ja,GroenLinks-PvdA,,10,GroenLinks-PvdA,,01:00,Vrouw,,1974,Lelystad,Ik wil het niet zeggen,
2026-04-22 05:33:14,2026-04-22 05:39:11,IP Address,2026-04-22 05:39:11,0,Lelystad,MM004POL22042026,English,I consent to participate,no,Yes,D66 (social-liberal party),,9,D66 (social-liberal party),,02:00,Female,,1969,Amstelveen,wo (university),,,,,,,,,,,,,,,English
2026-04-22 05:31:45,2026-04-22 05:41:13,IP Address,2026-04-22 05:41:14,1,Lelystad,DJ005POL22042026,English,I consent to participate,yes,Yes,GroenLinks (green party)-PvdA (labor party),,5,I don’t know,,02:30,Female,,1999,Hattem,"mbo (intermediate vocational education, US: junior college)",,,,,,,,,,,,,,,English
2026-04-22 05:57:21,2026-04-22 06:03:29,IP Address,2026-04-22 06:03:30,0,Lelystad,DJ006POL22042026,Nederlands,,,,,,,,,,,,,,,Ik geef toestemming om deel te nemen,Nee,Ja,VVD (Volkspartij voor Vrijheid en Democratie),,10,Ik weet het niet,,00:20,Man,,1993,Huizen,hbo,English
2026-04-22 06:03:14,2026-04-22 06:07:20,IP Address,2026-04-22 06:07:20,0,Lelystad,MM006APP22042026,English,I consent to participate,yes,Yes,CDA (Christian democrat party),,8,I don’t know,,01:00,Female,,1987,Lelystad,"hbo (higher vocational education, US: college)",,,,,,,,,,,,,,,English
2026-04-22 06:01:38,2026-04-22 06:09:49,IP Address,2026-04-22 06:09:49,19,Lelystad,WX003POL22032026,English,I consent to participate,no,No,,,7,Partij voor de Dieren (animal welfare party),,01:00,Male,,1983,Lelystad,"hbo (higher vocational education, US: college)",,,,,,,,,,,,,,,English
2026-04-22 05:22:43,2026-04-22 06:15:50,IP Address,2026-04-22 06:15:51,0,Lelystad,NT004POL22042026,Nederlands,,,,,,,,,,,,,,,Ik geef toestemming om deel te nemen,Ja,Nee,,,6,VVD (Volkspartij voor Vrijheid en Democratie),,02:00,Man,,1985,Lelystad,havo/vwo,English
2026-04-22 06:18:31,2026-04-22 06:21:52,IP Address,2026-04-22 06:21:52,0,Lelystad,DJ007POL22042026,Nederlands,,,,,,,,,,,,,,,Ik geef toestemming om deel te nemen,Nee,Ja,D66 (Democraten 66),,10,GroenLinks-PvdA,,03:00,Vrouw,,2003,Kampen,hbo,English
2026-04-22 06:29:41,2026-04-22 06:32:41,IP Address,2026-04-22 06:32:41,0,Lelystad,NT001APP22042026,Nederlands,,,,,,,,,,,,,,,Ik geef toestemming om deel te nemen,Ja,Nee,,,6,VVD (Volkspartij voor Vrijheid en Democratie),,02:00,Man,,1985,Lelystad,havo/vwo,English
2026-04-22 06:32:47,2026-04-22 07:29:23,IP Address,2026-04-22 07:29:24,2,Lelystad,NT005POL22042026,Nederlands,,,,,,,,,,,,,,,Ik geef toestemming om deel te nemen,Ja,Ja,GroenLinks-PvdA,,8,GroenLinks-PvdA,,00:30,Man,,1957,Lelystad,hbo,English
2026-04-22 07:46:07,2026-04-22 07:49:30,IP Address,2026-04-22 07:49:30,0,Lelystad,NT006POL22042026,Nederlands,,,,,,,,,,,,,,,Ik geef toestemming om deel te nemen,Ja,Ja,PVV (Partij voor de Vrijheid),,10,PVV (Partij voor de Vrijheid),,00:15,Man,,1973,Lelystad,hbo,Dutch
2026-04-22 07:56:09,2026-04-22 07:59:23,IP Address,2026-04-22 07:59:24,0,Lelystad,NT007POL22042026,Nederlands,,,,,,,,,,,,,,,Ik geef toestemming om deel te nemen,Nee,Ja,GroenLinks-PvdA,,10,GroenLinks-PvdA,,02:00,Man,,1962,Lelystad,hbo,Dutch
2026-04-22 08:06:10,2026-04-22 08:13:05,IP Address,2026-04-22 08:13:06,0,Lelystad,NT008POL22042026,Nederlands,,,,,,,,,,,,,,,Ik geef toestemming om deel te nemen,Ja,Ja,CDA (Christen-Democratisch Appèl),,10,CDA (Christen-Democratisch Appèl),,03:00,Vrouw,,1950,Lelystad,mbo,Dutch
2026-04-22 08:20:06,2026-04-22 08:28:56,IP Address,2026-04-22 08:28:56,1,Lelystad,NT008POL22042026,Nederlands,,,,,,,,,,,,,,,Ik geef toestemming om deel te nemen,Nee,Ja,D66 (Democraten 66),,10,D66 (Democraten 66),,01:00,Man,,1977,Lelystad,hbo,Dutch
2026-04-22 08:29:33,2026-04-22 08:34:11,IP Address,2026-04-22 08:34:12,5,Amsterdam ,WX004POL22042026,Nederlands,,,,,,,,,,,,,,,Ik geef toestemming om deel te nemen,Nee,Nee,,,10,GroenLinks-PvdA,,00:30,Vrouw,,2004,Amstelveen,havo/vwo,English
2026-04-22 11:55:28,2026-04-22 11:59:01,IP Address,2026-04-22 11:59:01,0,Amsterdam,NT010POL22042026,Nederlands,,,,,,,,,,,,,,,Ik geef toestemming om deel te nemen,Nee,Nee,,,7,Forum voor Democratie,,00:00,Vrouw,,1993,Amsterdam,hbo,English
2026-04-22 12:28:03,2026-04-22 12:36:42,IP Address,2026-04-22 12:36:43,0,Amsterdam,NT011POL22042026,Nederlands,,,,,,,,,,,,,,,Ik geef toestemming om deel te nemen,Nee,Ja,Forum voor Democratie,,10,Ik weet het niet,,00:30,Man,,1993,Amsterdam,mbo,English
2026-04-22 08:19:22,2026-04-23 04:16:12,IP Address,2026-04-23 04:16:12,7,Rotterdam,SR001POL23042026,Nederlands,,,,,,,,,,,,,,,Ik geef toestemming om deel te nemen,Ja,Ja,D66 (Democraten 66),,10,D66 (Democraten 66),,04:00,Man,,1983,'s-Gravenhage,hbo,Dutch
2026-04-23 03:39:06,2026-04-23 04:20:28,IP Address,2026-04-23 04:20:29,0,Rotterdam,SA001POL23042026,Nederlands,,,,,,,,,,,,,,,Ik geef toestemming om deel te nemen,Nee,Ja,D66 (Democraten 66),,10,D66 (Democraten 66),,00:30,Vrouw,,2007,Krimpenerwaard,havo/vwo,English
2026-04-23 03:38:37,2026-04-23 04:20:29,IP Address,2026-04-23 04:20:29,3,Rotterdam,MM001POL23042026,Nederlands,,,,,,,,,,,,,,,Ik geef toestemming om deel te nemen,Nee,Ik was niet stemgerechtigd,,,10,GroenLinks-PvdA,,00:30,Vrouw,,2007,Rotterdam,havo/vwo,English
2026-04-23 04:36:39,2026-04-23 04:41:08,IP Address,2026-04-23 04:41:08,4,Rotterdam,MM002POL23042026,English,I consent to participate,no,Yes,Volt,,9,Volt,,00:30,Male,,2003,Rotterdam,wo (university),,,,,,,,,,,,,,,English
2026-04-23 04:43:17,2026-04-23 04:46:40,IP Address,2026-04-23 04:46:41,3,Rotterdam,SA002POL23042026,Nederlands,,,,,,,,,,,,,,,Ik geef toestemming om deel te nemen,Nee,Ja,Forum voor Democratie,,10,Ik weet het niet,,00:00,Vrouw,,2004,Rotterdam,wo,English
2026-04-23 04:26:28,2026-04-23 05:03:17,IP Address,2026-04-23 05:03:17,4,Rotterdam,SR002POL23042026,Nederlands,,,,,,,,,,,,,,,Ik geef toestemming om deel te nemen,Nee,Ja,GroenLinks-PvdA,,10,GroenLinks-PvdA,,01:00,Vrouw,,1979,Rotterdam,hbo,Dutch
2026-04-23 03:35:40,2026-04-23 05:05:57,IP Address,2026-04-23 05:05:57,4,Rotterdam,NT001POL23042026,Nederlands,,,,,,,,,,,,,,,Ik geef toestemming om deel te nemen,Ja,Ja,Andere partij,Bij1,10,SP (Socialistische Partij),,01:00,Man,,1997,Rotterdam,wo,English
2026-04-23 04:45:35,2026-04-23 05:06:40,IP Address,2026-04-23 05:06:40,8,Rotterdam,SB001POL23042026,Nederlands,,,,,,,,,,,,,,,Ik geef toestemming om deel te nemen,Ja,Ja,Partij voor de Dieren,,10,GroenLinks-PvdA,,03:00,Man,,1992,Rotterdam,hbo,Dutch
2026-04-23 04:49:12,2026-04-23 05:07:22,IP Address,2026-04-23 05:07:22,4,Rotterdam,MM003POL23042026,English,I consent to participate,no,Yes,Other party,Bij1,,Other party,Bij1,00:30,Female,,1996,Rotterdam,"hbo (higher vocational education, US: college)",,,,,,,,,,,,,,,English
2026-04-23 05:26:42,2026-04-23 05:48:36,IP Address,2026-04-23 05:48:36,0,Rotterdam,SR003POL23042026 ,Nederlands,,,,,,,,,,,,,,,Ik geef toestemming om deel te nemen,Nee,Nee,,,6,Partij voor de Dieren,,00:15,Man,,2001,Rotterdam,vmbo,Dutch
2026-04-23 05:45:02,2026-04-23 05:49:39,IP Address,2026-04-23 05:49:39,5,Rotterdam,SB00223042026,Nederlands,,,,,,,,,,,,,,,Ik geef toestemming om deel te nemen,Ja,Nee,,,7,Ik weet het niet,,01:00,Man,,2005,Rotterdam,vmbo,Dutch
2026-04-23 06:03:06,2026-04-23 06:06:45,IP Address,2026-04-23 06:06:45,3,Rotterdam,SB03POL23042026,Nederlands,,,,,,,,,,,,,,,Ik geef toestemming om deel te nemen,Nee,Nee,,,6,GroenLinks-PvdA,,01:00,Man,,2002,Capelle aan den IJssel,mbo,Dutch
2026-04-23 06:06:42,2026-04-23 06:13:04,IP Address,2026-04-23 06:13:04,1,Rotterdam,SR004POL23042026 ,Nederlands,,,,,,,,,,,,,,,Ik geef toestemming om deel te nemen,Ja,Ja,PVV (Partij voor de Vrijheid),,10,PVV (Partij voor de Vrijheid),,01:00,Man,,1974,Rotterdam,wo,Dutch
2026-04-23 06:32:12,2026-04-23 06:36:14,IP Address,2026-04-23 06:36:15,6,Rotterdam,SB004POL23042026,Nederlands,,,,,,,,,,,,,,,Ik geef toestemming om deel te nemen,Nee,Ja,VVD (Volkspartij voor Vrijheid en Democratie),,10,VVD (Volkspartij voor Vrijheid en Democratie),,01:00,Man,,1959,Rotterdam,hbo,Dutch
2026-04-23 05:05:59,2026-04-23 06:56:36,IP Address,2026-04-23 06:56:36,4,Rotterdam,NT002POL23042026,Nederlands,,,,,,,,,,,,,,,Ik geef toestemming om deel te nemen,Nee,Ja,PVV (Partij voor de Vrijheid),,10,PVV (Partij voor de Vrijheid),,00:30,Vrouw,,2005,Hoeksche Waard,mbo,English
2026-04-23 06:53:03,2026-04-23 06:59:07,IP Address,2026-04-23 06:59:07,6,Rotterdam,SB005POL23042026,Nederlands,,,,,,,,,,,,,,,Ik geef toestemming om deel te nemen,Nee,Ja,JA21 (Juiste Antwoord21),,6,JA21 (Juiste Antwoord21),,00:00,Vrouw,,2005,Hoeksche Waard,mbo,Dutch
2026-04-23 07:14:30,2026-04-23 07:19:27,IP Address,2026-04-23 07:19:28,9,Rotterdam,SB006POL23042026,Nederlands,,,,,,,,,,,,,,,Ik geef toestemming om deel te nemen,Nee,Ja,JA21 (Juiste Antwoord21),,10,JA21 (Juiste Antwoord21),,01:00,Man,,1967,Barendrecht,hbo,Dutch
2026-04-23 06:24:59,2026-04-23 07:19:58,IP Address,2026-04-23 07:19:58,5,Rotterdam ,SA003POL23042026,English,I consent to participate,yes,No,,,1,I would not vote,,01:00,Female,,2004,Rotterdam,"havo/vwo (higher secondary education/preparatory university education, US: senior high school)",,,,,,,,,,,,,,,English
2026-04-23 06:26:54,2026-04-23 07:23:32,IP Address,2026-04-23 07:23:32,1,Rotterdam,MM004POL23042026,Nederlands,,,,,,,,,,,,,,,Ik geef toestemming om deel te nemen,Ja,Ik was niet stemgerechtigd,,,10,DENK,,01:30,Vrouw,,1994,Capelle aan den IJssel,anders,English
2026-04-23 07:27:34,2026-04-23 07:32:39,IP Address,2026-04-23 07:32:39,0,Rotterdam ,SA004POL23042026,English,I consent to participate,no,No,,,10,I don’t know,,00:00,Male,,2001,Rotterdam,"havo/vwo (higher secondary education/preparatory university education, US: senior high school)",,,,,,,,,,,,,,,English
2026-04-23 07:37:11,2026-04-23 07:41:31,IP Address,2026-04-23 07:41:31,0,Rotterdam,MM005POL23042026,Nederlands,,,,,,,,,,,,,,,Ik geef toestemming om deel te nemen,Ja,Ja,SGP (Staatkundig Gereformeerde Partij),,10,SGP (Staatkundig Gereformeerde Partij),,05:00,Man,,1996,Ridderkerk,wo,English
2026-04-23 07:46:00,2026-04-23 07:51:06,IP Address,2026-04-23 07:51:07,0,Rotterdam,SR051POL23042026 ,Nederlands,,,,,,,,,,,,,,,Ik geef toestemming om deel te nemen,Ja,Ja,Partij voor de Dieren,,10,Partij voor de Dieren,,00:00,Man,,1998,Rotterdam,havo/vwo,Dutch
2026-04-23 07:40:13,2026-04-23 07:52:53,IP Address,2026-04-23 07:52:54,4,Rotterdam ,SA005POL23042026,Nederlands,,,,,,,,,,,,,,,Ik geef toestemming om deel te nemen,Nee,Ja,GroenLinks-PvdA,,10,GroenLinks-PvdA,,00:25,Vrouw,,2007,Sliedrecht,havo/vwo,English
2026-04-23 08:00:02,2026-04-23 08:03:08,IP Address,2026-04-23 08:03:08,0,Rotterdam,MM006APP23042026,English,I consent to participate,no,Not eligible to vote,,,10,I don’t know,,00:20,Female,,2007,Papendrecht,"hbo (higher vocational education, US: college)",,,,,,,,,,,,,,,English
2026-04-23 08:00:00,2026-04-23 08:05:54,IP Address,2026-04-23 08:05:54,2,Rotterdam ,NT003POL23042026,Nederlands,,,,,,,,,,,,,,,Ik geef toestemming om deel te nemen,Ja,Ja,GroenLinks-PvdA,,10,GroenLinks-PvdA,,00:20,Vrouw,,1981,Zoetermeer,wo,English
2026-04-23 08:00:18,2026-04-23 08:05:55,IP Address,2026-04-23 08:05:55,0,Rotterdam,SB007POL23042026,Nederlands,,,,,,,,,,,,,,,Ik geef toestemming om deel te nemen,Nee,Ja,GroenLinks-PvdA,,10,GroenLinks-PvdA,,01:30,Vrouw,,1960,Lansingerland,hbo,Dutch
2026-04-23 08:42:16,2026-04-23 08:45:31,IP Address,2026-04-23 08:45:31,0,Rotterdam ,SB008POL23042026,Nederlands,,,,,,,,,,,,,,,Ik geef toestemming om deel te nemen,Ja,Ja,D66 (Democraten 66),,10,D66 (Democraten 66),,00:10,Man,,2001,Rotterdam,wo,Dutch
2026-04-23 08:57:07,2026-04-23 09:03:08,IP Address,2026-04-23 09:03:08,2,ROTTERDAM,NT004POL24042026,Nederlands,,,,,,,,,,,,,,,Ik geef toestemming om deel te nemen,Nee,Ik weet het niet/Ik wil het niet zeggen,,,9,D66 (Democraten 66),,01:00,Man,,2006,Rotterdam,(Nog) geen onderwijs afgerond,English
2026-04-23 09:06:40,2026-04-23 09:11:15,IP Address,2026-04-23 09:11:16,3,Rotterdam ,SB009POL23042026,Nederlands,,,,,,,,,,,,,,,Ik geef toestemming om deel te nemen,Ja,Ja,GroenLinks-PvdA,,10,GroenLinks-PvdA,,01:00,Vrouw,,1968,Nissewaard,mbo,Dutch
2026-04-23 10:33:31,2026-04-23 10:38:02,IP Address,2026-04-23 10:38:03,0,THE HAGUE,NT005POL23042026,Nederlands,,,,,,,,,,,,,,,Ik geef toestemming om deel te nemen,Ja,Ja,Partij voor de Dieren,,10,Partij voor de Dieren,,04:00,Vrouw,,1999,Delft,wo,English
2026-04-23 10:50:09,2026-04-23 10:52:35,IP Address,2026-04-23 10:52:36,0,THE HAGUE ,NT005APP23042026,Nederlands,,,,,,,,,,,,,,,Ik geef toestemming om deel te nemen,Ja,Ja,Partij voor de Dieren,,10,Partij voor de Dieren,,04:00,Vrouw,,1999,Delft,wo,English
2026-04-24 03:55:01,2026-04-24 04:01:19,IP Address,2026-04-24 04:01:20,0,Goes,AA001POL24042026,English,I consent to participate,yes,Yes,CDA (Christian democrat party),,10,CDA (Christian democrat party),,00:30,Female,,2005,Gouda,"havo/vwo (higher secondary education/preparatory university education, US: senior high school)",,,,,,,,,,,,,,,English
2026-04-24 03:53:21,2026-04-24 04:03:38,IP Address,2026-04-24 04:03:38,0,Goes,SA001POL24042026,Nederlands,,,,,,,,,,,,,,,Ik geef toestemming om deel te nemen,Ja,Ja,GroenLinks-PvdA,,10,GroenLinks-PvdA,,02:00,Man,,1992,Middelburg,havo/vwo,English
2026-04-24 04:00:16,2026-04-24 04:05:19,IP Address,2026-04-24 04:05:19,0,Goes,XM001POL24042026,Nederlands,,,,,,,,,,,,,,,Ik geef toestemming om deel te nemen,Ja,Ja,D66 (Democraten 66),,10,D66 (Democraten 66),,00:10,Vrouw,,1982,Kapelle,havo/vwo,English
2026-04-24 03:56:05,2026-04-24 04:08:36,IP Address,2026-04-24 04:08:37,2,GOES,WX001POL24042026,Nederlands,,,,,,,,,,,,,,,Ik geef toestemming om deel te nemen,Nee,Ja,Partij voor de Dieren,,10,D66 (Democraten 66),,00:05,Vrouw,,1986,Goes,wo,English
2026-04-24 04:15:19,2026-04-24 04:16:53,IP Address,2026-04-24 04:16:54,0,Goes,AA001APP24042026,English,I consent to participate,yes,Yes,CDA (Christian democrat party),,10,CDA (Christian democrat party),,00:30,Female,,2005,Gouda,"havo/vwo (higher secondary education/preparatory university education, US: senior high school)",,,,,,,,,,,,,,,English
2026-04-24 04:23:22,2026-04-24 04:27:25,IP Address,2026-04-24 04:27:26,2,Goes,SA002POL24042026,English,I consent to participate,no,No,,,8,D66 (social-liberal party),,02:00,Male,,2007,Schouwen-Duiveland,"havo/vwo (higher secondary education/preparatory university education, US: senior high school)",,,,,,,,,,,,,,,English
2026-04-24 04:27:30,2026-04-24 04:31:16,IP Address,2026-04-24 04:31:16,2,Goes,XM002POL24042026,Nederlands,,,,,,,,,,,,,,,Ik geef toestemming om deel te nemen,Nee,Ja,D66 (Democraten 66),,8,D66 (Democraten 66),,01:00,Man,,2007,Goes,havo/vwo,English
2026-04-24 04:31:09,2026-04-24 04:46:25,IP Address,2026-04-24 04:46:26,2,Goes,WX002POL24042026,Nederlands,,,,,,,,,,,,,,,Ik geef toestemming om deel te nemen,Ja,Ja,PVV (Partij voor de Vrijheid),,10,PVV (Partij voor de Vrijheid),,02:10,Man,,1969,Goes,hbo,Dutch
2026-04-24 05:05:02,2026-04-24 05:16:03,IP Address,2026-04-24 05:16:04,0,Goes,XM003POL24042026,Nederlands,,,,,,,,,,,,,,,Ik geef toestemming om deel te nemen,Nee,Ja,Ik weet het niet,,10,ChristenUnie,,06:55,Vrouw,,2006,Goes,havo/vwo,Dutch
2026-04-24 05:32:41,2026-04-24 05:36:06,IP Address,2026-04-24 05:36:06,0,Goes,XM004POL24042026,Nederlands,,,,,,,,,,,,,,,Ik geef toestemming om deel te nemen,Nee,Ja,Ik wil het niet zeggen,,10,Ik wil het niet zeggen,,00:00,Vrouw,,1997,Goes,mbo,Dutch
2026-04-24 04:32:58,2026-04-24 05:39:27,IP Address,2026-04-24 05:39:28,5,Goes,AA002POL24042026,Nederlands,,,,,,,,,,,,,,,Ik geef toestemming om deel te nemen,Ja,Ja,VVD (Volkspartij voor Vrijheid en Democratie),,10,VVD (Volkspartij voor Vrijheid en Democratie),,00:00,Vrouw,,2001,Goes,hbo,English
2026-04-24 06:01:26,2026-04-24 06:07:29,IP Address,2026-04-24 06:07:30,8,GOES,WX003POL24042026,Nederlands,,,,,,,,,,,,,,,Ik geef toestemming om deel te nemen,Ja,Ik weet het niet/Ik wil het niet zeggen,,,10,Ik wil het niet zeggen,,00:00,Wil ik niet zeggen,,2003,Goes,Ik wil het niet zeggen,English
2026-04-24 06:01:34,2026-04-24 06:10:03,IP Address,2026-04-24 06:10:03,0,Goes ,AA003POL24042026,English,I consent to participate,yes,Yes,VVD (liberal party),,10,VVD (liberal party),,00:30,Male,,1968,Kapelle,wo (university),,,,,,,,,,,,,,,English
2026-04-24 04:33:27,2026-04-24 06:20:31,IP Address,2026-04-24 06:20:31,5,Goes,SA003POL24042026,Nederlands,,,,,,,,,,,,,,,Ik geef toestemming om deel te nemen,Nee,Ja,ChristenUnie,,10,ChristenUnie,,04:00,Vrouw,,1974,Goes,mbo,Dutch
2026-04-24 05:52:10,2026-04-24 06:32:08,IP Address,2026-04-24 06:32:09,0,Goes,XM005POL24042026,Nederlands,,,,,,,,,,,,,,,Ik geef toestemming om deel te nemen,Ja,Ja,GroenLinks-PvdA,,10,GroenLinks-PvdA,,00:15,Vrouw,,1991,Noord-Beveland,havo/vwo,English
2026-04-24 06:07:38,2026-04-24 06:40:00,IP Address,2026-04-24 06:40:01,11,Goes,WX003POL24042026,Nederlands,,,,,,,,,,,,,,,Ik geef toestemming om deel te nemen,Ja,Ja,Forum voor Democratie,,9,Forum voor Democratie,,00:30,Man,,1995,Borsele,hbo,Dutch
2026-04-24 06:23:47,2026-04-24 06:41:16,IP Address,2026-04-24 06:41:16,2,Goes,AA004POL24042026,Nederlands,,,,,,,,,,,,,,,Ik geef toestemming om deel te nemen,Nee,Ja,Ik wil het niet zeggen,,9,Ik weet het niet,,00:10,Vrouw,,1964,Goes,havo/vwo,English
2026-04-24 06:53:08,2026-04-24 07:00:01,IP Address,2026-04-24 07:00:01,0,Goes,AA005POL24042026,Nederlands,,,,,,,,,,,,,,,Ik geef toestemming om deel te nemen,Nee,Ja,D66 (Democraten 66),,8,D66 (Democraten 66),,00:15,Vrouw,,2006,Breda,vmbo,Dutch
2026-04-24 06:57:11,2026-04-24 07:02:13,IP Address,2026-04-24 07:02:13,2,Goes,XM006POL24042026,Nederlands,,,,,,,,,,,,,,,Ik geef toestemming om deel te nemen,Nee,Ja,GroenLinks-PvdA,,10,GroenLinks-PvdA,,00:30,Wil ik niet zeggen,,1968,Goes,wo,English
2026-04-24 06:44:11,2026-04-24 07:04:25,IP Address,2026-04-24 07:04:25,2,Goes,SAPOL00424042026,Nederlands,,,,,,,,,,,,,,,Ik geef toestemming om deel te nemen,Nee,Ja,Ik weet het niet,,8,Blanco,,00:30,Vrouw,,1999,Goes,hbo,Dutch
2026-04-24 06:41:32,2026-04-24 07:05:48,IP Address,2026-04-24 07:05:49,4,Goes,WX004POL24042026,Nederlands,,,,,,,,,,,,,,,Ik geef toestemming om deel te nemen,Nee,Ja,D66 (Democraten 66),,10,Ik weet het niet,,00:15,Vrouw,,2005,Schouwen-Duiveland,mbo,Dutch
2026-04-24 07:21:41,2026-04-24 08:54:26,IP Address,2026-04-24 08:54:27,3,Goes,AA006POL24042026,Nederlands,,,,,,,,,,,,,,,Ik geef toestemming om deel te nemen,Nee,Ja,CDA (Christen-Democratisch Appèl),,10,CDA (Christen-Democratisch Appèl),,00:30,Vrouw,,1940,Goes,anders,Dutch
2026-04-24 08:45:45,2026-04-24 09:08:11,IP Address,2026-04-24 09:08:12,3,Goes,SAPOL00524042026,Nederlands,,,,,,,,,,,,,,,Ik geef toestemming om deel te nemen,Nee,Nee,,,5,Ik zou niet stemmen,,00:10,Vrouw,,1986,Goes,hbo,English
2026-04-24 09:04:38,2026-04-24 09:11:54,IP Address,2026-04-24 09:11:55,10,Goes,WX005POL24042026,Nederlands,,,,,,,,,,,,,,,Ik geef toestemming om deel te nemen,Nee,Ja,PVV (Partij voor de Vrijheid),,10,GroenLinks-PvdA,,00:25,Vrouw,,1962,Goes,mbo,Dutch
2026-04-25 04:19:01,2026-04-25 04:25:21,IP Address,2026-04-25 04:25:22,0,Emmen,BC001POL25042026,Nederlands,,,,,,,,,,,,,,,Ik geef toestemming om deel te nemen,,Ik was niet stemgerechtigd,,,10,D66 (Democraten 66),,02:00,Man,,2001,Emmen,havo/vwo,Dutch
2026-04-24 09:20:28,2026-04-25 04:29:44,IP Address,2026-04-25 04:29:45,2,Goes,XM007POL24042026,Nederlands,,,,,,,,,,,,,,,Ik geef toestemming om deel te nemen,Nee,Ik weet het niet/Ik wil het niet zeggen,,,10,Ik weet het niet,,00:00,Wil ik niet zeggen,,1900,Blaricum,Ik wil het niet zeggen,Dutch
2026-04-25 04:29:46,2026-04-25 04:37:00,IP Address,2026-04-25 04:37:00,1,Emmen,XM001POL25042026,Nederlands,,,,,,,,,,,,,,,Ik geef toestemming om deel te nemen,,Ik weet het niet/Ik wil het niet zeggen,,,10,Ik weet het niet,,00:00,Wil ik niet zeggen,,1900,Alphen-Chaam,Ik wil het niet zeggen,Dutch
2026-04-25 04:38:06,2026-04-25 04:43:23,IP Address,2026-04-25 04:43:24,1,Emmen,XM001POL25042026,Nederlands,,,,,,,,,,,,,,,Ik geef toestemming om deel te nemen,,Nee,,,10,Ik weet het niet,,00:00,Vrouw,,2007,Emmen,havo/vwo,English
2026-04-25 04:27:23,2026-04-25 04:44:37,IP Address,2026-04-25 04:44:37,6,Emmen,WX001APP25042026,Nederlands,,,,,,,,,,,,,,,Ik geef toestemming om deel te nemen,,Ja,D66 (Democraten 66),,7,Ik weet het niet,,00:30,Vrouw,,1996,Emmen,hbo,English
2026-04-25 04:49:19,2026-04-25 04:56:37,IP Address,2026-04-25 04:56:38,0,Emmen,BC002POL25042026,Nederlands,,,,,,,,,,,,,,,Ik geef toestemming om deel te nemen,,Ja,D66 (Democraten 66),,10,Ik weet het niet,,02:00,Man,,1944,Emmen,hbo,Dutch
2026-04-25 04:53:55,2026-04-25 04:58:53,IP Address,2026-04-25 04:58:54,0,Emmen,XM002POL25042026,Nederlands,,,,,,,,,,,,,,,Ik geef toestemming om deel te nemen,,Ik was niet stemgerechtigd,,,10,GroenLinks-PvdA,,01:00,Vrouw,,2007,Emmen,havo/vwo,English
2026-04-25 05:01:18,2026-04-25 05:10:03,IP Address,2026-04-25 05:10:03,0,Emmen,WX002APP25042026,Nederlands,,,,,,,,,,,,,,,Ik geef toestemming om deel te nemen,,Nee,,,10,PVV (Partij voor de Vrijheid),,02:00,Man,,1987,Emmen,hbo,English
2026-04-25 05:07:29,2026-04-25 05:12:04,IP Address,2026-04-25 05:12:04,0,Emmen,XM003POL25042026,English,I consent to participate,,Yes,GroenLinks (green party)-PvdA (labor party),,10,GroenLinks (green party)-PvdA (labor party),,00:20,Female,,2003,Groningen,wo (university),,,,,,,,,,,,,,,English
2026-04-25 05:33:24,2026-04-25 05:37:48,IP Address,2026-04-25 05:37:48,0,Emmen,XM004POL25042026,Nederlands,,,,,,,,,,,,,,,Ik geef toestemming om deel te nemen,,Ja,Ik wil het niet zeggen,,9,Ik wil het niet zeggen,,00:15,Vrouw,,2006,Emmen,havo/vwo,English
2026-04-25 06:03:45,2026-04-25 06:07:19,IP Address,2026-04-25 06:07:20,0,Emmen,XM005POL25042026,Nederlands,,,,,,,,,,,,,,,Ik geef toestemming om deel te nemen,,Ja,D66 (Democraten 66),,10,SP (Socialistische Partij),,01:00,Man,,1981,Emmen,hbo,English
2026-04-25 06:16:14,2026-04-25 06:20:38,IP Address,2026-04-25 06:20:38,0,Emmen,BC003POL25042026,Nederlands,,,,,,,,,,,,,,,Ik geef toestemming om deel te nemen,,Ja,PVV (Partij voor de Vrijheid),,9,PVV (Partij voor de Vrijheid),,01:00,Vrouw,,1972,Emmen,mbo,Dutch
2026-04-25 06:01:37,2026-04-25 06:20:49,IP Address,2026-04-25 06:20:50,0,Emmen,WX003POL25042026,Nederlands,,,,,,,,,,,,,,,Ik geef toestemming om deel te nemen,,Ik weet het niet/Ik wil het niet zeggen,,,10,Ik wil het niet zeggen,,00:00,Wil ik niet zeggen,,2003,Beemster,Ik wil het niet zeggen,Dutch
2026-04-25 06:20:51,2026-04-25 06:24:19,IP Address,2026-04-25 06:24:19,0,EMMEN,WX003APP25042026,Nederlands,,,,,,,,,,,,,,,Ik geef toestemming om deel te nemen,,Ik was niet stemgerechtigd,,,10,VVD (Volkspartij voor Vrijheid en Democratie),,02:00,Man,,2001,Emmen,havo/vwo,English
2026-04-25 06:33:29,2026-04-25 06:38:39,IP Address,2026-04-25 06:38:40,0,Emmen,XM006POL25042026,Nederlands,,,,,,,,,,,,,,,Ik geef toestemming om deel te nemen,,Ja,D66 (Democraten 66),,10,D66 (Democraten 66),,00:30,Vrouw,,1987,Emmen,mbo,Dutch
2026-04-25 06:35:25,2026-04-25 06:40:58,IP Address,2026-04-25 06:40:59,2,EMMEN,WX001POL25042026,Nederlands,,,,,,,,,,,,,,,Ik geef toestemming om deel te nemen,,Nee,,,10,PVV (Partij voor de Vrijheid),,04:00,Man,,1987,Emmen,hbo,English
2026-04-25 07:21:43,2026-04-25 07:26:30,IP Address,2026-04-25 07:26:31,0,Emmen,XM007POL25042026,Nederlands,,,,,,,,,,,,,,,Ik geef toestemming om deel te nemen,,Ja,Partij voor de Dieren,,10,Partij voor de Dieren,,00:30,Vrouw,,2003,Emmen,hbo,English
2026-04-25 07:19:27,2026-04-25 07:27:00,IP Address,2026-04-25 07:27:00,2,Emmen,BC004POL25042026,Nederlands,,,,,,,,,,,,,,,Ik geef toestemming om deel te nemen,,Ja,VVD (Volkspartij voor Vrijheid en Democratie),,10,Ik weet het niet,,02:00,Vrouw,,1955,Emmen,havo/vwo,Dutch
2026-04-25 07:22:50,2026-04-25 07:27:32,IP Address,2026-04-25 07:27:33,2,Emmen,WX005APP25042026,Nederlands,,,,,,,,,,,,,,,Ik geef toestemming om deel te nemen,,Ja,Andere partij,Bij1,10,Andere partij,Bij1,10:00,Vrouw,,2003,Emmen,mbo,English
2026-04-25 06:58:03,2026-04-25 12:04:03,IP Address,2026-04-25 12:04:03,0,'t Gooi,JT005FULL25042026,Nederlands,,,,,,,,,,,,,,,Ik geef toestemming om deel te nemen,,Ja,CDA (Christen-Democratisch Appèl),,10,CDA (Christen-Democratisch Appèl),,00:10,Vrouw,,1965,Huizen,mbo,Dutch
2026-04-23 08:13:46,2026-04-26 04:29:58,IP Address,2026-04-26 04:29:58,3,Amsterdam ,SR001POL26042026 ,Nederlands,,,,,,,,,,,,,,,Ik geef toestemming om deel te nemen,Ja,Ja,GroenLinks-PvdA,,8,GroenLinks-PvdA,,01:00,Man,,1982,Amsterdam,wo,Dutch
2026-04-26 04:21:59,2026-04-26 04:43:37,IP Address,2026-04-26 04:43:37,10,Amsterdam,BC001POL26042026,Nederlands,,,,,,,,,,,,,,,Ik geef toestemming om deel te nemen,,Ja,DENK,,8,DENK,,01:00,Man,,1962,Amsterdam,basisonderwijs,Dutch
2026-04-26 04:53:23,2026-04-26 04:58:59,IP Address,2026-04-26 04:58:59,7,Amsterdam ,SR002POL26042026 ,Nederlands,,,,,,,,,,,,,,,Ik geef toestemming om deel te nemen,,Ja,VVD (Volkspartij voor Vrijheid en Democratie),,10,VVD (Volkspartij voor Vrijheid en Democratie),,03:00,Man,,1998,Amsterdam,wo,Dutch
2026-04-26 04:59:49,2026-04-26 05:05:41,IP Address,2026-04-26 05:05:41,2,Amsterdam,BC002POL26042026,Nederlands,,,,,,,,,,,,,,,Ik geef toestemming om deel te nemen,,Ja,D66 (Democraten 66),,10,Partij voor de Dieren,,01:00,Man,,1976,Amsterdam,mbo,Dutch
2026-04-26 05:21:10,2026-04-26 05:35:35,IP Address,2026-04-26 05:35:35,0,Amsterdam ,SR003POL26042026 ,Nederlands,,,,,,,,,,,,,,,Ik geef toestemming om deel te nemen,,Ja,GroenLinks-PvdA,,10,GroenLinks-PvdA,,01:00,Vrouw,,1964,Amsterdam,mbo,Dutch
2026-04-26 05:22:10,2026-04-26 05:37:18,IP Address,2026-04-26 05:37:18,0,Amsterdam ,SR004POL26042026,Nederlands,,,,,,,,,,,,,,,Ik geef toestemming om deel te nemen,,Ja,GroenLinks-PvdA,,10,GroenLinks-PvdA,,02:00,Vrouw,,1964,Berg en Dal,hbo,Dutch
2026-04-26 07:11:30,2026-04-26 07:14:58,IP Address,2026-04-26 07:14:59,1,Amsterdam ,SR005POL26042024,Nederlands,,,,,,,,,,,,,,,Ik geef toestemming om deel te nemen,,Ja,GroenLinks-PvdA,,10,GroenLinks-PvdA,,02:30,Man,,1997,Amsterdam,wo,Dutch
2026-04-26 07:18:46,2026-04-26 07:24:04,IP Address,2026-04-26 07:24:05,9,Amsterdam,BC003POL26042026,Nederlands,,,,,,,,,,,,,,,Ik geef toestemming om deel te nemen,,Nee,,,3,Ik zou niet stemmen,,00:30,Man,,1989,Amsterdam,hbo,Dutch
2026-04-26 07:48:13,2026-04-26 07:52:14,IP Address,2026-04-26 07:52:15,6,Amsterdam,SR006POL26042026,Nederlands,,,,,,,,,,,,,,,Ik geef toestemming om deel te nemen,,Ja,GroenLinks-PvdA,,10,GroenLinks-PvdA,,01:00,Vrouw,,1989,Amsterdam,hbo,Dutch
2026-04-26 07:58:45,2026-04-26 08:02:32,IP Address,2026-04-26 08:02:32,7,Amsterdam,BC004POL26042026,Nederlands,,,,,,,,,,,,,,,Ik geef toestemming om deel te nemen,,Ja,D66 (Democraten 66),,9,GroenLinks-PvdA,,01:30,Vrouw,,1984,Alkmaar,hbo,Dutch
2026-04-26 08:33:26,2026-04-26 08:45:05,IP Address,2026-04-26 08:45:05,0,Amsterdam,BC005POL26042026,Nederlands,,,,,,,,,,,,,,,Ik geef toestemming om deel te nemen,,Ja,Volt,,10,Volt,,01:00,Man,,1941,Amsterdam,wo,Dutch
2026-04-26 08:32:45,2026-04-26 08:47:29,IP Address,2026-04-26 08:47:29,1,Amsterdam ,SR007POL26042026 ,Nederlands,,,,,,,,,,,,,,,Ik geef toestemming om deel te nemen,,Ja,GroenLinks-PvdA,,10,GroenLinks-PvdA,,03:00,Man,,1961,Amsterdam,havo/vwo,Dutch
2026-04-20 02:24:24,2026-04-20 02:25:06,IP Address,2026-04-27 02:25:08,1,-,-,English,,,,,,,,,,,,,,,,,,,,,,,,,,,,,
2026-04-27 05:59:43,2026-04-27 06:06:38,IP Address,2026-04-27 06:06:39,0,'t Gooi,JT006FULL27042026,Nederlands,,,,,,,,,,,,,,,Ik geef toestemming om deel te nemen,,Ja,CDA (Christen-Democratisch Appèl),,10,Ik weet het niet,,00:30,Man,,1963,Huizen,mbo,Dutch
2026-04-21 02:02:59,2026-04-21 03:34:51,IP Address,2026-04-28 03:34:55,1,Eindhoven,SB001POL21042026,Nederlands,,,,,,,,,,,,,,,,,,,,,,,,,,,,,
2026-04-28 04:11:52,2026-04-28 04:19:31,IP Address,2026-04-28 04:19:32,1,Enschede,AA001POL28042026,Nederlands,,,,,,,,,,,,,,,Ik geef toestemming om deel te nemen,,Ja,Partij voor de Dieren,,10,Partij voor de Dieren,,00:30,Vrouw,,1991,Enschede,mbo,English
2026-04-24 09:19:41,2026-04-28 04:21:22,IP Address,2026-04-28 04:21:22,0,Enschede,SA001POL28042026,Nederlands,,,,,,,,,,,,,,,Ik geef toestemming om deel te nemen,Ja,Ja,Ik weet het niet,,7,Ik weet het niet,,00:00,Vrouw,,2000,Enschede,havo/vwo,Dutch
2026-04-28 04:02:58,2026-04-28 04:27:54,IP Address,2026-04-28 04:27:54,8,Enschede ,XM001POL28042026,Nederlands,,,,,,,,,,,,,,,Ik geef toestemming om deel te nemen,,Ja,GroenLinks-PvdA,,10,D66 (Democraten 66),,00:15,Man,,1990,Enschede,wo,English
2026-04-28 04:03:05,2026-04-28 04:30:16,IP Address,2026-04-28 04:30:16,7,Enschede,NT001POL28042026,Nederlands,,,,,,,,,,,,,,,Ik geef toestemming om deel te nemen,,Ja,GroenLinks-PvdA,,10,ChristenUnie,,02:00,Vrouw,,1975,Enschede,wo,Dutch
2026-04-28 04:34:36,2026-04-28 04:40:34,IP Address,2026-04-28 04:40:35,1,Enschede,AA002POL28042026,Nederlands,,,,,,,,,,,,,,,Ik geef toestemming om deel te nemen,,Ja,GroenLinks-PvdA,,10,GroenLinks-PvdA,,00:30,Vrouw,,1984,Enschede,hbo,Dutch
2026-04-28 04:34:40,2026-04-28 04:42:52,IP Address,2026-04-28 04:42:52,0,Enschede ,SA002POL28042026,English,I consent to participate,,Yes,GroenLinks (green party)-PvdA (labor party),,10,GroenLinks (green party)-PvdA (labor party),,01:00,Female,,1992,Enschede,wo (university),,,,,,,,,,,,,,,English
2026-04-28 04:47:27,2026-04-28 04:55:49,IP Address,2026-04-28 04:55:49,1,Enschede ,XM002POL28042026,Nederlands,,,,,,,,,,,,,,,Ik geef toestemming om deel te nemen,,Ja,D66 (Democraten 66),,10,D66 (Democraten 66),,00:15,Man,,1956,Enschede,hbo,Dutch
2026-04-28 04:48:21,2026-04-28 05:03:10,IP Address,2026-04-28 05:03:11,5,Enschede ,AA003POL28042026,Nederlands,,,,,,,,,,,,,,,Ik geef toestemming om deel te nemen,,Nee,,,7,D66 (Democraten 66),,00:00,Vrouw,,1988,Enschede,mbo,Dutch
2026-04-28 04:59:56,2026-04-28 05:04:10,IP Address,2026-04-28 05:04:10,1,ESCHENDE,NT002POL28042026,Nederlands,,,,,,,,,,,,,,,Ik geef toestemming om deel te nemen,,Ja,Andere partij,Piratenpartij,7,Ik weet het niet,,00:30,Man,,1998,Hengelo,mbo,English
2026-04-28 05:44:21,2026-04-28 05:48:29,IP Address,2026-04-28 05:48:29,0,Enschede,XM003POL28042026,English,I consent to participate,,Yes,VVD (liberal party),,8,VVD (liberal party),,00:05,Male,,1983,Twenterand,"mbo (intermediate vocational education, US: junior college)",,,,,,,,,,,,,,,English
2026-04-28 05:18:10,2026-04-28 06:26:54,IP Address,2026-04-28 06:26:54,2,Enschede,AA004POL28042026,Nederlands,,,,,,,,,,,,,,,Ik geef toestemming om deel te nemen,,Ja,SP (Socialistische Partij),,10,SP (Socialistische Partij),,00:20,Man,,1998,Enschede,mbo,Dutch
2026-04-28 05:17:49,2026-04-28 06:28:56,IP Address,2026-04-28 06:28:57,3,Enschede ,SA003POL28042026,English,I consent to participate,,Yes,D66 (social-liberal party),,6,GroenLinks (green party)-PvdA (labor party),,02:00,Male,,1998,Enschede,"mbo (intermediate vocational education, US: junior college)",,,,,,,,,,,,,,,English
2026-04-28 05:56:49,2026-04-28 06:32:26,IP Address,2026-04-28 06:32:27,3,Enschede ,XM003POL28042026,Nederlands,,,,,,,,,,,,,,,Ik geef toestemming om deel te nemen,,Ja,GroenLinks-PvdA,,10,Blanco,,01:00,Man,,2001,Enschede,hbo,Dutch
2026-04-28 07:25:01,2026-04-28 07:31:30,IP Address,2026-04-28 07:31:30,4,Enschede ,SA004POL28042026,Nederlands,,,,,,,,,,,,,,,Ik geef toestemming om deel te nemen,,Nee,,,8,JA21 (Juiste Antwoord21),,01:30,Vrouw,,1967,Enschede,mbo,Dutch
2026-04-28 06:41:17,2026-04-28 07:32:34,IP Address,2026-04-28 07:32:34,5,Enschede ,AA005POL28042026,Nederlands,,,,,,,,,,,,,,,Ik geef toestemming om deel te nemen,,Ja,Ik wil het niet zeggen,,5,Ik weet het niet,,01:30,Vrouw,,1991,Enschede,vmbo,English
2026-04-28 06:20:47,2026-04-28 07:32:58,IP Address,2026-04-28 07:32:58,0,Eschende,NT003POL28042026,Nederlands,,,,,,,,,,,,,,,Ik geef toestemming om deel te nemen,,Ja,D66 (Democraten 66),,10,D66 (Democraten 66),,01:30,Man,,1994,Enschede,wo,English
2026-04-28 07:46:34,2026-04-28 07:53:34,IP Address,2026-04-28 07:53:35,1,Enschede ,AA006POL28042026,Nederlands,,,,,,,,,,,,,,,Ik geef toestemming om deel te nemen,,Ja,PVV (Partij voor de Vrijheid),,10,PVV (Partij voor de Vrijheid),,00:00,Man,,1973,Apeldoorn,basisonderwijs,Dutch
2026-04-28 07:46:49,2026-04-28 07:55:43,IP Address,2026-04-28 07:55:44,0,Enschede ,SA005POL28042026,Nederlands,,,,,,,,,,,,,,,Ik geef toestemming om deel te nemen,,Ja,Partij voor de Dieren,,9,Partij voor de Dieren,,02:00,Vrouw,,1967,Hengelo,hbo,English
2026-04-28 07:51:41,2026-04-28 07:56:26,IP Address,2026-04-28 07:56:26,4,Enschede,XM005POL28042026,Nederlands,,,,,,,,,,,,,,,Ik geef toestemming om deel te nemen,,Ja,Volt,,10,Volt,,00:50,Man,,2003,Montfoort,havo/vwo,English
2026-04-28 08:06:54,2026-04-28 08:10:25,IP Address,2026-04-28 08:10:27,0,Enschede,XM001APP28042026,Nederlands,,,,,,,,,,,,,,,Ik geef toestemming om deel te nemen,,Ja,Volt,,10,Volt,,00:50,Man,,2003,Montfoort,havo/vwo,English
2026-04-28 08:09:27,2026-04-28 08:44:07,IP Address,2026-04-28 08:44:07,0,Enschede ,SA006POL28042026,Nederlands,,,,,,,,,,,,,,,Ik geef toestemming om deel te nemen,,Ja,Partij voor de Dieren,,10,Partij voor de Dieren,,00:30,Ander,,2004,Hoorn,havo/vwo,English
2026-04-28 11:58:40,2026-04-28 12:03:28,IP Address,2026-04-28 12:03:28,0,Amsterdam,JT008FULL28042026,Nederlands,,,,,,,,,,,,,,,Ik geef toestemming om deel te nemen,,Ja,JA21 (Juiste Antwoord21),,9,JA21 (Juiste Antwoord21),,00:10,Man,,2000,Amsterdam,hbo,Dutch
2026-04-25 12:22:35,2026-04-28 13:25:05,IP Address,2026-04-28 13:25:06,10,Amsterdam,JT007FULL28042026,English,I consent to participate,,No,,,6,GroenLinks (green party)-PvdA (labor party),,00:10,Female,,1988,Amsterdam,wo (university),,,,,,,,,,,,,,,English
2026-04-29 02:56:26,2026-04-29 03:03:09,IP Address,2026-04-29 03:03:10,1,Utrecht,NT001POL29042026,Nederlands,,,,,,,,,,,,,,,Ik geef toestemming om deel te nemen,,Ja,D66 (Democraten 66),,10,Ik weet het niet,,02:00,Man,,1997,Amsterdam,wo,English
2026-04-29 02:56:19,2026-04-29 03:06:18,IP Address,2026-04-29 03:06:19,2,Utrecht,SB001POL29042026,Nederlands,,,,,,,,,,,,,,,Ik geef toestemming om deel te nemen,,Ja,SP (Socialistische Partij),,9,Ik weet het niet,,00:30,Man,,2003,Ede,mbo,Dutch
2026-04-29 03:06:26,2026-04-29 03:11:15,IP Address,2026-04-29 03:11:15,0,Utrecht,AA002POL29042026,Nederlands,,,,,,,,,,,,,,,Ik geef toestemming om deel te nemen,,Nee,,,4,Ik zou niet stemmen,,00:25,Man,,1977,Amsterdam,wo,Dutch
2026-04-29 03:14:56,2026-04-29 03:26:20,IP Address,2026-04-29 03:26:21,1,Utrecht,NT002POL29042026,Nederlands,,,,,,,,,,,,,,,Ik geef toestemming om deel te nemen,,Ja,GroenLinks-PvdA,,10,GroenLinks-PvdA,,00:20,Vrouw,,2005,Arnhem,havo/vwo,English
2026-04-29 03:24:11,2026-04-29 03:28:40,IP Address,2026-04-29 03:28:41,0,Utrecht,SB003POL29042026,Nederlands,,,,,,,,,,,,,,,Ik geef toestemming om deel te nemen,,Ja,Partij voor de Dieren,,7,Partij voor de Dieren,,00:00,Vrouw,,1998,'s-Gravenhage,mbo,Dutch
2026-04-29 03:25:16,2026-04-29 03:30:14,IP Address,2026-04-29 03:30:14,0,Utrech ,WX001POL29042026,Nederlands,,,,,,,,,,,,,,,Ik geef toestemming om deel te nemen,,Ja,Partij voor de Dieren,,10,GroenLinks-PvdA,,00:15,Vrouw,,2005,Enschede,havo/vwo,Dutch
2026-04-29 03:50:22,2026-04-29 03:54:24,IP Address,2026-04-29 03:54:24,0,Utrech ,WX002POL29042026,Nederlands,,,,,,,,,,,,,,,Ik geef toestemming om deel te nemen,,Ja,Partij voor de Dieren,,10,Partij voor de Dieren,,00:30,Vrouw,,1987,Utrecht,hbo,English
2026-04-29 03:55:46,2026-04-29 04:00:01,IP Address,2026-04-29 04:00:02,5,Utrecht,MM001POL29042026,Nederlands,,,,,,,,,,,,,,,Ik geef toestemming om deel te nemen,,Ja,GroenLinks-PvdA,,10,GroenLinks-PvdA,,00:40,Vrouw,,2002,Utrecht,wo,Dutch
2026-04-29 03:54:29,2026-04-29 04:05:22,IP Address,2026-04-29 04:05:23,0,Utrech ,WX003POL29042026,Nederlands,,,,,,,,,,,,,,,Ik geef toestemming om deel te nemen,,Ja,Andere partij,Bij1b,10,Andere partij,Bij1,02:30,Vrouw,,1996,Soest,wo,English
2026-04-29 04:18:50,2026-04-29 04:20:56,IP Address,2026-04-29 04:20:56,0,Utrecht,MM001APP29042026,Nederlands,,,,,,,,,,,,,,,Ik geef toestemming om deel te nemen,,Ja,GroenLinks-PvdA,,10,GroenLinks-PvdA,,00:40,Vrouw,,2002,Utrecht,wo,English
2026-04-29 03:33:44,2026-04-29 04:26:06,IP Address,2026-04-29 04:26:06,2,Utrecht ,NT003POL29042026,Nederlands,,,,,,,,,,,,,,,Ik geef toestemming om deel te nemen,,Ja,Partij voor de Dieren,,10,Partij voor de Dieren,,00:05,Vrouw,,2004,Boxtel,havo/vwo,English
2026-04-29 04:25:37,2026-04-29 04:39:46,IP Address,2026-04-29 04:39:47,7,Utrech ,WX004POL29042026,Nederlands,,,,,,,,,,,,,,,Ik geef toestemming om deel te nemen,,Ja,GroenLinks-PvdA,,10,GroenLinks-PvdA,,00:30,Vrouw,,1996,Utrecht,wo,Dutch
2026-04-29 04:41:28,2026-04-29 04:45:31,IP Address,2026-04-29 04:45:32,1,Utrecht ,SB004POL29042026,Nederlands,,,,,,,,,,,,,,,Ik geef toestemming om deel te nemen,,Ja,GroenLinks-PvdA,,10,Partij voor de Dieren,,01:00,Vrouw,,1997,Utrecht,wo,Dutch
2026-04-29 04:54:46,2026-04-29 04:57:57,IP Address,2026-04-29 04:57:58,1,Utrecht,MM002POL29042026,Nederlands,,,,,,,,,,,,,,,Ik geef toestemming om deel te nemen,,Ja,D66 (Democraten 66),,10,GroenLinks-PvdA,,00:10,Man,,2003,Utrecht,havo/vwo,Dutch
2026-04-29 04:48:35,2026-04-29 05:04:54,IP Address,2026-04-29 05:04:55,3,Utrech ,WX005POL29042026,Nederlands,,,,,,,,,,,,,,,Ik geef toestemming om deel te nemen,,Nee,,,7,SGP (Staatkundig Gereformeerde Partij),,00:30,Man,,2007,Veenendaal,mbo,Dutch
2026-04-29 05:06:26,2026-04-29 05:08:39,IP Address,2026-04-29 05:08:39,0,Utrecht,03002POL29042026,Nederlands,,,,,,,,,,,,,,,Ik geef toestemming om deel te nemen,,Ja,SP (Socialistische Partij),,10,SP (Socialistische Partij),,00:00,Vrouw,,2004,Utrecht,havo/vwo,Dutch
2026-04-29 05:07:30,2026-04-29 05:11:29,IP Address,2026-04-29 05:11:29,2,Utrecht ,SB005POL29042026,Nederlands,,,,,,,,,,,,,,,Ik geef toestemming om deel te nemen,,Ja,CDA (Christen-Democratisch Appèl),,9,CDA (Christen-Democratisch Appèl),,01:00,Man,,1982,Utrecht,hbo,Dutch
2026-04-29 05:25:31,2026-04-29 05:29:22,IP Address,2026-04-29 05:29:22,1,Utrecht,MM004POL29042026,Nederlands,,,,,,,,,,,,,,,Ik geef toestemming om deel te nemen,,Ja,JA21 (Juiste Antwoord21),,10,Forum voor Democratie,,00:30,Vrouw,,2004,Utrecht,havo/vwo,Dutch
2026-04-29 05:43:06,2026-04-29 05:47:48,IP Address,2026-04-29 05:47:49,0,Utrecht,MM005POL29042026,Nederlands,,,,,,,,,,,,,,,Ik geef toestemming om deel te nemen,,Ja,D66 (Democraten 66),,10,D66 (Democraten 66),,00:05,Vrouw,,2004,Utrecht,havo/vwo,Dutch
2026-04-29 05:31:28,2026-04-29 05:57:11,IP Address,2026-04-29 05:57:12,9,Utrech ,WX006APP29042026,English,I consent to participate,,I don’t know/ I prefer not to say,,,10,I don’t know,,00:00,Prefer not to say,,2003,Amsterdam,I prefer not to say,,,,,,,,,,,,,,,English
2026-04-29 06:04:06,2026-04-29 06:08:42,IP Address,2026-04-29 06:08:43,0,Utrecht,MM006PPOL26042026,Nederlands,,,,,,,,,,,,,,,Ik geef toestemming om deel te nemen,,Ja,GroenLinks-PvdA,,10,GroenLinks-PvdA,,00:20,Vrouw,,1980,Utrecht,wo,Dutch
2026-04-29 05:57:12,2026-04-29 06:13:47,IP Address,2026-04-29 06:13:48,12,Utrech ,WX006APP29042026,Nederlands,,,,,,,,,,,,,,,Ik geef toestemming om deel te nemen,,Ja,GroenLinks-PvdA,,10,GroenLinks-PvdA,,00:45,Vrouw,,1988,Utrecht,wo,English
2026-04-29 05:19:51,2026-04-29 06:18:18,IP Address,2026-04-29 06:18:19,2,Utrecht ,NT004POL29042026,Nederlands,,,,,,,,,,,,,,,Ik geef toestemming om deel te nemen,,Ja,GroenLinks-PvdA,,10,GroenLinks-PvdA,,00:40,Vrouw,,2001,Utrecht,wo,English
2026-04-29 06:12:26,2026-04-29 06:18:47,IP Address,2026-04-29 06:18:47,0,Utrecht,SB006POL29042026,Nederlands,,,,,,,,,,,,,,,Ik geef toestemming om deel te nemen,,Ja,Partij voor de Dieren,,10,Partij voor de Dieren,,15:00,Vrouw,,2001,'s-Gravenhage,wo,Dutch
2026-04-29 06:44:11,2026-04-29 06:47:12,IP Address,2026-04-29 06:47:12,3,Utrecht,SB007POL29042026,Nederlands,,,,,,,,,,,,,,,Ik geef toestemming om deel te nemen,,Ja,ChristenUnie,,10,ChristenUnie,,00:30,Man,,2007,Utrecht,havo/vwo,Dutch
2026-04-29 06:04:34,2026-04-29 06:57:29,IP Address,2026-04-29 06:57:30,5,Utrecht,SR001POL29042026,Nederlands,,,,,,,,,,,,,,,Ik geef toestemming om deel te nemen,,Ja,PVV (Partij voor de Vrijheid),,3,Ik weet het niet,,00:00,Man,,1984,Bunnik,vmbo,Dutch
2026-04-29 07:20:46,2026-04-29 07:26:12,IP Address,2026-04-29 07:26:13,0,Utrecht,MM007POL29042026,Nederlands,,,,,,,,,,,,,,,Ik geef toestemming om deel te nemen,,Ja,GroenLinks-PvdA,,10,GroenLinks-PvdA,,00:45,Vrouw,,2005,Amsterdam,wo,Dutch
2026-04-29 07:10:34,2026-04-29 07:30:56,IP Address,2026-04-29 07:30:56,1,Utrecht,SR002POL29042026,Nederlands,,,,,,,,,,,,,,,Ik geef toestemming om deel te nemen,,Ja,GroenLinks-PvdA,,10,GroenLinks-PvdA,,02:00,Man,,1949,Utrecht,wo,Dutch
2026-04-29 06:44:25,2026-04-29 07:31:26,IP Address,2026-04-29 07:31:26,2,UTRECHT,NT005POL29042026,Nederlands,,,,,,,,,,,,,,,Ik geef toestemming om deel te nemen,,Ja,D66 (Democraten 66),,10,GroenLinks-PvdA,,01:00,Man,,2006,Arnhem,mbo,English
2026-04-29 07:17:54,2026-04-29 07:33:20,IP Address,2026-04-29 07:33:21,4,Utrecht,SB008POL29042026,Nederlands,,,,,,,,,,,,,,,Ik geef toestemming om deel te nemen,,Ja,CDA (Christen-Democratisch Appèl),,10,CDA (Christen-Democratisch Appèl),,02:00,Man,,2006,Arnhem,vmbo,Dutch
2026-04-29 07:37:32,2026-04-29 07:41:02,IP Address,2026-04-29 07:41:02,1,Utrecht,MM008POL29042026,Nederlands,,,,,,,,,,,,,,,Ik geef toestemming om deel te nemen,,Ja,GroenLinks-PvdA,,9,GroenLinks-PvdA,,03:00,Man,,1960,Utrecht,hbo,Dutch
2026-04-29 07:42:52,2026-04-29 07:47:11,IP Address,2026-04-29 07:47:11,0,UTRECHT ,NT006POL29042026,Nederlands,,,,,,,,,,,,,,,Ik geef toestemming om deel te nemen,,Ja,D66 (Democraten 66),,10,D66 (Democraten 66),,00:15,Man,,1998,Utrecht,wo,English
2026-04-29 07:43:56,2026-04-29 07:53:00,IP Address,2026-04-29 07:53:00,3,Utrecht ,SB009POL29042026,Nederlands,,,,,,,,,,,,,,,Ik geef toestemming om deel te nemen,,Ja,D66 (Democraten 66),,10,D66 (Democraten 66),,02:00,Man,,1959,Utrecht,wo,Dutch
2026-04-29 07:47:39,2026-04-29 08:03:39,IP Address,2026-04-29 08:03:40,1,Utrecht,MM009POL29042026,Nederlands,,,,,,,,,,,,,,,Ik geef toestemming om deel te nemen,,Ja,ChristenUnie,,10,ChristenUnie,,20:00,Vrouw,,1974,Duiven,hbo,English
2026-04-29 07:58:43,2026-04-29 08:15:15,IP Address,2026-04-29 08:15:17,4,Utrecht ,NT007POL29042026,Nederlands,,,,,,,,,,,,,,,Ik geef toestemming om deel te nemen,,Ja,GroenLinks-PvdA,,10,GroenLinks-PvdA,,01:00,Man,,1994,Utrecht,hbo,English
2026-04-29 08:28:38,2026-04-29 08:33:23,IP Address,2026-04-29 08:33:23,5,Utrech ,WX007APP29042026,Nederlands,,,,,,,,,,,,,,,Ik geef toestemming om deel te nemen,,Nee,,,5,ChristenUnie,,00:10,Vrouw,,2007,Zaltbommel,hbo,English
2026-04-29 13:13:13,2026-04-29 13:15:48,IP Address,2026-04-29 13:15:49,8,Amsterdam,JT009FULL29042026,Nederlands,,,,,,,,,,,,,,,Ik geef toestemming om deel te nemen,,Ja,Blanco,,9,Blanco,,00:15,Man,,1996,Utrecht,wo,Dutch
2026-04-28 08:00:59,2026-04-30 04:45:26,IP Address,2026-04-30 04:45:27,0,Heerlen,AA001POL30042026,Nederlands,,,,,,,,,,,,,,,Ik geef toestemming om deel te nemen,,Ja,SP (Socialistische Partij),,9,SP (Socialistische Partij),,01:30,Man,,1996,Landgraaf,hbo,Dutch
2026-04-30 04:18:01,2026-04-30 04:47:47,IP Address,2026-04-30 04:47:48,0,Heerlen,BC001POL30042026,Nederlands,,,,,,,,,,,,,,,Ik geef toestemming om deel te nemen,,Ja,GroenLinks-PvdA,,10,GroenLinks-PvdA,,01:00,Vrouw,,1949,Heerlen,hbo,Dutch
2026-04-30 04:55:21,2026-04-30 04:57:56,IP Address,2026-04-30 04:57:57,0,Heerlen,AA001APP30042026,Nederlands,,,,,,,,,,,,,,,Ik geef toestemming om deel te nemen,,Ja,SP (Socialistische Partij),,9,SP (Socialistische Partij),,01:30,Man,,1996,Landgraaf,hbo,English
2026-04-30 03:57:19,2026-04-30 04:45:02,IP Address,2026-04-30 05:00:03,0,Heerlen,SA001POL30042026,Nederlands,,,,,,,,,,,,,,,Ik geef toestemming om deel te nemen,,Ja,SP (Socialistische Partij),,10,SP (Socialistische Partij),,02:00,Man,,1991,Gulpen-Wittem,hbo,English
2026-04-29 14:46:27,2026-04-30 05:01:00,IP Address,2026-04-30 05:01:01,2,Heerlen,WX001POL30042026,Nederlands,,,,,,,,,,,,,,,Ik geef toestemming om deel te nemen,,Ja,Ik wil het niet zeggen,,8,Ik weet het niet,,00:10,Vrouw,,2003,Heerlen,wo,English
2026-04-30 04:56:34,2026-04-30 05:05:17,IP Address,2026-04-30 05:05:18,0,Heerlen,SA002POL30042026,Nederlands,,,,,,,,,,,,,,,Ik geef toestemming om deel te nemen,,Ja,SP (Socialistische Partij),,7,Ik weet het niet,,01:00,Vrouw,,1996,Heerlen,hbo,English
2026-04-30 05:13:42,2026-04-30 05:16:50,IP Address,2026-04-30 05:16:50,0,HEERLEN,WX002POL30042026,Nederlands,,,,,,,,,,,,,,,Ik geef toestemming om deel te nemen,,Ja,Ik wil het niet zeggen,,8,Ik weet het niet,,00:10,Vrouw,,2003,Heerlen,wo,English
2026-04-30 05:12:14,2026-04-30 05:22:34,IP Address,2026-04-30 05:22:35,1,Heerlen,AA002POL30042026,Nederlands,,,,,,,,,,,,,,,Ik geef toestemming om deel te nemen,,Nee,,,5,Ik zou niet stemmen,,01:00,Vrouw,,2001,Heerlen,wo,Dutch
2026-04-30 05:31:50,2026-04-30 05:33:50,IP Address,2026-04-30 05:33:50,0,Heerlen ,AA002APP30042026,Nederlands,,,,,,,,,,,,,,,Ik geef toestemming om deel te nemen,,Nee,,,5,Ik zou niet stemmen,,01:00,Vrouw,,2001,Heerlen,wo,Dutch
2026-04-30 05:37:49,2026-04-30 05:40:36,IP Address,2026-04-30 05:40:37,8,Heerlen,BC002POL30042026,Nederlands,,,,,,,,,,,,,,,Ik geef toestemming om deel te nemen,,Nee,,,1,Blanco,,00:30,Man,,1999,Heerlen,hbo,Dutch
2026-04-30 05:35:19,2026-04-30 05:52:09,IP Address,2026-04-30 05:52:10,0,Heerlen,WX003POL30042026,Nederlands,,,,,,,,,,,,,,,Ik geef toestemming om deel te nemen,,Ja,Partij voor de Dieren,,10,Partij voor de Dieren,,01:00,Vrouw,,2007,Landgraaf,havo/vwo,English
2026-04-30 07:23:04,2026-04-30 07:29:29,IP Address,2026-04-30 07:29:30,0,HEERLEN,WX004POL30042026,English,I consent to participate,,Yes,Volt,,10,Volt,,00:05,Female,,2003,Heerlen,"mbo (intermediate vocational education, US: junior college)",,,,,,,,,,,,,,,English
2026-04-30 05:18:40,2026-04-30 07:29:46,IP Address,2026-04-30 07:29:46,1,Heerlen,SA003POL30042026,English,I consent to participate,,Yes,DENK,,1,DENK,,00:00,Female,,2003,Sittard-Geleen,"mbo (intermediate vocational education, US: junior college)",,,,,,,,,,,,,,,English
2026-04-30 07:04:44,2026-04-30 07:29:56,IP Address,2026-04-30 07:29:57,1,Heerlen ,AA003POL30042026,Nederlands,,,,,,,,,,,,,,,Ik geef toestemming om deel te nemen,,Ja,PVV (Partij voor de Vrijheid),,10,PVV (Partij voor de Vrijheid),,00:30,Man,,1956,Heerlen,mbo,Dutch
2026-04-25 04:38:14,2026-04-25 04:48:32,IP Address,2026-05-02 04:48:34,0,Emmen,BC002POL25042026,Nederlands,,,,,,,,,,,,,,,,,,,,,,,,,,,,,
2026-04-26 03:59:48,2026-04-26 04:01:53,IP Address,2026-05-03 04:02:00,999,Test,Test,Nederlands,,,,,,,,,,,,,,,Ik geef toestemming om deel te nemen,,Ik weet het niet/Ik wil het niet zeggen,,,5,Ik wil het niet zeggen,,02:00,,,,,,
2026-04-29 08:08:19,2026-05-06 06:37:23,IP Address,2026-05-06 06:37:24,0,Utrecht,SB010POL29042026,Nederlands,,,,,,,,,,,,,,,Ik geef toestemming om deel te nemen,,Ik was niet stemgerechtigd,,,1,Ik zou niet stemmen,,00:30,Ander,,2007,Amsterdam,wo,English
2026-05-06 06:37:25,2026-05-06 07:07:47,IP Address,2026-05-06 07:07:48,0,Amsterdam,DJ001APP06052026,Nederlands,,,,,,,,,,,,,,,Ik geef toestemming om deel te nemen,,Ja,Partij voor de Dieren,,10,Partij voor de Dieren,,00:30,Vrouw,,2002,Amsterdam,wo,English
